Index	Name	Author	FileName	Tags	Dependencies	URL
0	---------------------------|              Libraries              |---------------------------	Echelon  Raizan	Plus Separators - Libraries_8f6dfb4a-6581-4269-9a29-640d177711c0.pak	Category, Plus, Separator		
1	CommunityLibrary	BG3 Community	CommunityLibrary_396c5966-09b0-40a1-af3f-93a5e9ce71c0.pak	API, CMTY, Core, Library		
2	5eSpells	DiZ	5eSpells_fb5f528d-4d48-4bf2-a668-2274d3cfba96.pak			
3	5e Spells Compatibility AIO	xarara	5eAIO_681340e0-3c0d-464a-998a-6fec834f3b7a.pak			
4	Expansion	DiZ/Celes	Expansion_a2c4b0fc-e745-41df-81b7-fa53950d86a0.pak			
5	VolitionCabinet	Volitio	VolitionCabinet_f97b43be-7398-4ea5-8fe2-be7eb3d4b5ca.pak			
6	Mod Configuration Menu	Volitio	BG3MCM_755a8a72-407f-4f0d-9a33-274ac0f0b53d.pak			
7	Kender's Libs	Fenrules	KendersLabsCoreLibs_47e1154e-e169-4e4a-80b6-d117171ccd15.pak		Volition Cabinet	
8	Auto Send Food To Camp	Volitio	AutoSendFoodToCamp_1c132ec4-4cd2-4c40-aeb9-ff6ee0467da8.pak		VolitionCabinet, Mod Configuration Menu	
9	Mark Book As Read	FallenStar	Fallen_Mark_As_Read_c72d9f6a-a6e4-48b1-98c0-0ecdc7c31cf7.pak		BG3MCM	
10	Auto Send Read Books To Camp	Volitio	AutoSendReadBooksToCamp_e49ba956-192e-451f-8dde-9c1299ec8881.pak		Mark Book As Read, VolitionCabinet	
11	Auto Use Soap	Volitio	AutoUseSoap_cabed99e-5db6-4f0d-a69f-d49e8a20e663.pak		Volition Cabinet, Mod Configuration Menu	
12	Smart Autosaving	Volitio	SmartAutosaving_0c8bb2e9-aa96-4de7-b793-a733d68ee6f0.pak		VolitionCabinet	
13	Waypoint Inside Emerald Grove	Volitio	WaypointInsideEmeraldGrove_e342ee75-f7c9-4aeb-b6de-403991578337.pak		VolitionCabinet, Mod Configuration Menu	
14	Configurable Party Limit	Volitio	ConfigurablePartyLimit_16b5fbb6-72fe-4a08-814a-87a9fc0b14bc.pak		Mod Configuration Menu	
15	Exhaustion	Mithras666	Exhaustion_9639def3-13f6-437e-8603-a01b0a0f9247.pak		Mod Configuration Menu	
16	Regeneration	Mithras666	Regeneration_fb547613-a6e0-4bff-bbe4-bff091e00ee1.pak		Mod Configuration Menu	
17	Custom Subclass Icons	Dragonify	SubclassIcon_f26ba921-5f61-45ec-9235-4ae836a42f88.pak			
18	Customized Subclass Icons	GraphicFade	CustomizedSubclassIcon_915fbc23-6453-4ee9-98ed-a4ff1ffc6d4a.pak			
19	Icon_Library_SHV	Shivero	Icon_Library_SHV_e3df13c4-2180-46e6-af53-77c64354f30f.pak			
20	Kekyll's Lab (Core Library)	drkekyll	KekyllsLab_021a277f-a31c-4047-bcdc-c7a753d1473e.pak			
21	VFX_Library_SHV	Shivero	VFX_Library_SHV_dd19db12-96c0-4bca-9ef6-e8d733801d23.pak			
22	VFX_Vault_SHV	Shivero	VFX_Vault_SHV_f51ce3e4-fe0d-42e8-a4f1-b7234c9b7e9c.pak			
23	VFX_Library_VladsGrimoire	VladmirFFXI	VladsGrimoire_0dd5b581-c210-4956-ab96-7682fb519de5.pak	Core, Icons, Library, Modder's Resource, Textures, VFX		
24	---------------------------|             Backgrounds             |---------------------------	Echelon  Raizan	Plus Separators - Backgrounds_2bfb4ecc-46e5-4fbc-89cf-d777ff5278ab.pak	Category, Plus, Separator		
25	JWL Histories and Occupations	Jewels	JWL_HistoriesAndOccupations_9859aea2-d0c9-4a57-a40c-3a5823d7e173.pak			
26	Impactful Backgrounds	Lumaterian	Impactful Backgrounds_0fc7d460-56fc-4208-9f40-da66d96e9ade.pak			
27	AdditionalBackgrounds	CrimsonEdge7	AdditionalBackgrounds_b7489cbc-3e52-4c01-9f89-149428e44fb4.pak			
28	---------------------------|              Utilities              |---------------------------	Echelon  Raizan	Plus Separators - Utilities_4d7f53d5-7073-4774-b9c6-81571a793d09.pak	Category, Plus, Separator		
29	---------------------------|              Frameworks             |---------------------------	Echelon  Raizan	Plus Separators - Frameworks_c00e17f7-87cb-4d22-8bc0-ededcfe13392.pak	Category, Plus, Separator		
30	RAW	Zerd	RAW_f19c68ed-70be-4c3d-b610-e94afc5c5103.pak			
31	TagFramework	BG3-Community-Team	TagFramework_2cba831e-bc5e-4ed5-b831-b5c4580b02b0.pak	Template		
32	InspirationFramework	BG3-Community-Team	InspirationFramework_0119681e-9ea0-4b24-8009-bc13da121229.pak	Template		
33	MoreReactiveCompanions_Configurable	LightningLarryL	MoreReactiveCompanions_Configurable_2b1e81bb-d0aa-4617-b3e9-271c7b02f252.pak			
34	ExtraAttackCompatibility	3XC4L1B3R	ExtraAttackCompatibility_4222f86c-4408-4659-8185-ea93b7590398.pak			
35	Dr. Kekyll's Grappling Framework	drkekyll	GrapplingFramework_239127c3-1efe-493d-85d3-8518c8d8819b.pak			
36	AppearanceEditEnhanced	Eralyne	AppearanceEditEnhanced_7b8366bd-abc1-4f9f-ba9d-585549b4a750.pak	Customization, Utility		
37	---------------------------|           Script Extender           |---------------------------	Echelon  Raizan	Plus Separators - Script Extender_f88e1eed-bfc1-4489-9806-020f88f83a9a.pak	Category, Plus, Separator		
38	KvCampEvents	Kvalyr	KvCampEvents_1b8d381f-6210-4473-85be-600457267a87.pak			
39	NoIntroPak	Caites	NoIntroPak_12a1fc9f-e39d-43f2-ab49-25026f073e46.pak			
40	CBR_Hugs	Cerberry	CBR_Hugs_cacbb24c-2650-4588-a0d2-5eb29eb80e98.pak			
41	CBR_Kisses	Cerberry	CBR_Romance_880a9d7f-9f2a-4448-8f49-7c9a2f9f40b8.pak			
42	--------------------------->             Difficulty	Echelon  Raizan	Plus Divisions - Difficulty_03e3fb9b-58ef-4fbf-9a4a-72344817155a.pak	Category, Division, Plus		
43	AdditionalEnemies	Maxichigo-Digaones	AdditionalEnemies_49a94025-c3e4-461f-bc08-2de6a629666c.pak			
44	AbsoluteWrath	Grimpreacher	AbsoluteWrath_9010c099-c1e7-4ea8-8990-a883d6814975.pak			
45	Stop Thief	GabeCamomescro	Stop Thief_be29bcf2-36df-4121-a942-c2a445e3598c.pak			
46	--------------------------->             Combat	Echelon  Raizan	Plus Divisions - Combat_65cce477-21b2-463c-8b17-3c07715f8d88.pak	Category, Division, Plus		
47	Tasha's Fighting Styles	drkekyll	TashasFightingStyles_a9efdc45-2c5c-4bda-8b2a-824bb7cb8afd.pak			
48	Battle Master Maneuver Fixes	drkekyll	ManeuverFixes_df97a6f1-5be7-4830-84a5-692458fad780.pak			
49	HeavyArmorMoveSpeed_SE	Argelia	HeavyArmorMoveSpeed_SE_b91c94d2-43a6-4764-9518-3fe63cf55b95.pak			
50	RecklessAttack5e	Sumradagnoth	RecklessAttack5e_776e25bb-6128-479d-8923-089146901e46.pak			
51	---------------------------|                Spells               |---------------------------	Echelon  Raizan	Plus Separators - Spells_c1868d8a-5087-4c0b-aa88-4b7ef74c5e35.pak	Category, Plus, Separator		
52	Valkrana's Spellbook	Sailor Cat	Valkrana's Spellbook_9deeb371-f01e-41b4-b20e-c5eee0751b12.pak	Necromancy, Spells		
53	Spells Extra - Library	Lumaterian	Spells Extra - Library_7a3e31e4-502b-43d7-915c-53c58860fa30.pak			
54	VBT_Resource	veenab	VBT_Resource_02b17e3e-869e-4df4-8416-0e7296017764.pak			
55	OneDnD_Cantrips	JuuM	OneDnD_Cantrips_f64a416c-fbd8-4d73-a31c-5b1055782ef6.pak			
56	OneDnD UA8 Cantrip Starry Wisp - Glitterbomb	BG3 Community	OneDnD_StarryWisp_Glitter_c1cfc0d3-1dad-0000-0000-5a0100000002.pak	Example, Template		
57	Barkskin PHB	Lumaterian	Barkskin PHB_74893a86-133d-4dfc-804d-81dbedce73f7.pak			
58	Conjure Barrage Enhanced	Lumaterian	Conjure Barrage Enhanced_9d7447e8-4702-4fdd-8aaf-78d89cda112f.pak			
59	Holy Avenger PHB	Lumaterian	Holy Avenger PHB_ee27e5c3-2920-48fe-b00a-82f81e57d02d.pak			
60	Nature's Bond	Lumaterian	Nature's Bond_630198cb-cb1e-456d-9631-904bf6e7bb29.pak			
61	Ritual Spells PHB	Lumaterian	Ritual Spells PHB_c36e5a8a-5560-4ec0-98a7-657d0b9c05fe.pak			
62	UAHealing	wesslen	UAHealing_a2c99856-74a8-4cf1-9487-fd5ccd9686b5.pak			
63	Divine Intervention OneDnD UA6	Lumaterian	Divine Intervention OneDnD UA6_f3f7282f-cc26-42cc-8c04-3fb12792a1e5.pak			
64	Divine Intervention UA8 Healing Buffs Patch	Lumaterian	Divine Intervention UA8 Healing Buffs Patch_fadf38de-e759-4237-8419-a655b3dd36ea.pak			
65	Vicious Mockery Enhanced	Lumaterian	Vicious Mockery Enhanced_aae2ab76-2e85-466f-9832-8d59b65f76ba.pak			
66	--------------------------->             Crafting	Echelon  Raizan	Plus Divisions - Crafting_9d06e14b-94b2-4f2a-bccf-c71a0e345221.pak	Category, Division, Plus		
67	JWL Crafting Framework	Jewels	JWL_CraftingFramework_5593c5cd-b273-4048-ae87-635c1d487a5e.pak			
68	Immersive_Lights_SHV	Shivero	Immersive_Lights_SHV_de07556f-880e-4561-bd4d-cb842db3eb33.pak			
69	Elemental_Spells_SHV	Shivero	Elemental_Spells_SHV_332f3ebe-cf45-4c4e-ab39-d1fd7a43c1a4.pak			
70	Metamagic RAW	Lumaterian	Metamagic RAW_9df4cb65-c1ca-4344-b672-e5ec0ba4fdbe.pak			
71	TransmogEnhanced	Eralyne, Wayden	TransmogEnhanced_82c1f53b-5ed3-4e2e-95f5-f84ca6ff0c81.pak	Customization, Utility		
72	Sussur_Weapons	CLV	Sussur_Weapons_6f8c00ab-c6e4-4de0-baed-97cb79366259.pak			
73	---------------------------|                Gear                 |---------------------------	Echelon  Raizan	Plus Separators - Gear_c589f5d3-b477-4e6d-8ae7-5ea0f351ce0b.pak	Category, Plus, Separator		
74	TutorialChestSummoning	wesslen	TutorialChestSummoning_505c630c-79fa-49b6-9f21-29a5f2322c2d.pak			
75	BasketEquipmentSFW	AnteMaxx	BasketEquipmentSFW_b200f917-43ec-45d9-9dff-ac6191d62388.pak			
76	Pouch of Wonders	LennardF1989	PouchOfWonders_3ec2e2c2-6808-4473-bdb9-ef7c337343c1.pak			
77	BagsBagsBagsReforged	Dor	BagsBagsBagsReforged_38733c1e-1e21-4db8-abdd-7e7599ec05fb.pak			
78	Bags of Sorting with auto-sorting(MORE BAGS)	blackninjato2	BoSautosort_07026c73-dd83-4eb6-8252-b2fa8e3ae280.pak			
79	Bag of Holding Reforged	Aldarana	BoHReforged_2b83066d-a1f1-455e-a1df-b93ff706e28e.pak		Mod Configuration Menu	
80	Treasure Vault - ISF Preview	BG3 Community	TreasureVault-ISF_c1cfc0d3-1251-0000-0000-.pak	Armor, CMTY, Weapons		
81	JWL Sceleritas Fel's Coffers of Forlorn Treasures	Jewels	JWL_Coffers_31097d24-224b-497c-bf96-6726b4697401.pak			
82	JWL One Man's Trash	Jewels	JWL_OneMansTrash_6079e591-36e0-4897-a42d-6eef04cb8db1.pak			
83	JWL Coffers - Inaccessibles	Jewels	JWL_Coffers_Inaccessibles_f594ede8-0a0c-4fc6-b3df-7cf94717f8e0.pak			
84	JWL One Man's Trash - Coffers Plugin	Jewels	JWL_OneMansTrash_CoffersPlugin_ce67ef3d-025f-46eb-a1f4-da9fbd5da2b0.pak			
85	JWL Discordant Instruments	Jewels	JWL_DiscordantInstruments_a0fc73a0-26ae-4e73-962c-ab850cb9625e.pak			
86	JWL Discordant Instruments - Coffers Plugin	Jewels	JWL_DiscordantInstruments_CoffersPlugin_4b02c2ef-0754-4841-a2d0-8d1942e16c8f.pak			
87	EmbersLute	Ariefel	EmbersLute_17ed9aa5-40e7-4c49-ac10-a0feb1ffeaa9.pak			
88	EmbersLuteUndeadViolin	Ariefel	EmbersLuteUndeadViolin_f54e6e99-44dd-4d32-a5f4-4620f2f03f3d.pak		EmbersLute	
89	ElvenWeaponrySmithingKit	Kharneth	ElvenWeaponrySmithingKit_46528da0-6d44-4a16-9f14-feb1e30cbaa9.pak			
90	Elven_Weaponry_Tutorial_Chest	Kharneth	Elven_Weaponry_Tutorial_Chest_639931a5-e4fc-4b25-92d2-7b7ffd2d4b40.pak			
91	ElvenWeaponry_Wands	Kharneth	ElvenWeaponry_Wands_37cfbe97-10fc-4476-8585-2bc0241e1c3f.pak			
92	ElvenWeaponryKatanas	Kharneth	ElvenWeaponryKatanas_b481b373-0229-4c86-8675-3208fcc50149.pak			
93	ElvenWeaponryLongbows	Kharneth	ElvenWeaponryLongbows_1b2f6885-ce5d-46e1-91c5-275b523fe469.pak			
94	ElvenWeaponrySpears	Kharneth	ElvenWeaponrySpears_cbdf293c-a244-433f-a2f8-b21a37735a1d.pak			
95	Drow_Weaponry_Rapier	Kharneth	Drow_Weaponry_Rapier_3e3e23b2-c39c-4ef4-82e5-af5a67f49bf0.pak			
96	Elven_Weaponry_Paladin	Kharneth	Elven_Weaponry_Band_388409c0-9de0-4d78-b8aa-c26d971d84a0.pak			
97	EWD_Needle_AddOn	Kharneth	EWD_Needle_AddOn_fd6fd25e-86fe-4301-af77-83ea90007e67.pak			
98	Elven_Weaponry_Dryad	Kharneth	Elven_Weaponry_Dryad_e96214be-2240-4d26-8289-e9e31eeaa338.pak			
99	Elven_Weaponry_Daggers	Kharneth	Elven_Weaponry_Daggers_e3867982-8e20-4f2a-9066-9f170b19baa8.pak			
100	Elven_Weaponry_Glaives	Kharneth	Elven_Weaponry_Glaives_33260598-baf8-46d3-a19e-da9832b951c5.pak			
101	ElvenBladeWeaponry	Kharneth	ElvenBladeWeaponry_922c2661-a59b-4ed9-80ab-796dda4d6dd9.pak			
102	ElvenWeaponry_Shortbows	Kharneth	ElvenWeaponry_Shortbows_bb3267e9-eafb-4a88-9c71-9faf113675a9.pak			
103	Faun-tastic Fashion - Outfits and Accessories for Satyrs	labotor	SatyrOutfits_74251e53-7504-4d9b-991d-b5a6da7ed7f5.pak			
104	Mace of Disruption PHB	Lumaterian	Mace of Disruption PHB_c2fd1493-c8df-4beb-a6a4-42a1199b90a7.pak			
105	Sun Blade PHB	Lumaterian	Sun Blade PHB_72c0101d-bf37-4cd5-9d0c-854ade457399.pak			
106	Tridents Enhanced	Lumaterian	Tridents Enhanced_8e46b14f-e01f-470f-932a-6e8ec7c33595.pak			
107	Wand of Fireballs	Lumaterian	Wand of Fireballs_2a063fd8-084a-4638-af89-2f40a9d46e56.pak			
108	War Picks Enhanced	Lumaterian	War Picks Enhanced_ea3759f1-0527-45aa-bfd7-8839049e2e88.pak			
109	CBR_Astarion_Gear	Cerberry	CBR_Astarion_Gear_88472061-89a9-43b7-91d6-651e6005f738.pak			
110	CBR_Battlemage	Cerberry	CBR_Battlemage_47929a1a-0d1d-4400-abbf-853cbaeaf5d8.pak			
111	CloaksOfFaerun	Araelynn	CloaksOfFaerun_057cb283-8dfa-4f3f-b8d1-a2f854c18dff.pak			
112	DLCEnhanced	JJJ32131	DLCEnhanced_a9468ed2-4475-457f-85a3-ae3baf06e381.pak			
113	Quiver	Codey Hanson	Quiver_e4d6c90b-e645-40f2-bc29-9280f8c60064.pak			
114	ImprovedBreathWeapon	3XC4L1B3R	ImprovedBreathWeapon_9f3714fa-9f5e-4903-98a0-799978170e41.pak			
115	Addon_ImprovedBreathWeapon_Fizbans	3XC4L1B3R	Addon_ImprovedBreathWeapon_Fizbans_58cbaf38-98f1-4b7f-90e1-ef2b05133483.pak		ImprovedBreathWeapon	
116	Elements Of Battle	Leole	ElementsOfBattle_8ba5723d-b7ac-427f-99f3-95a861cf5aa7.pak	Balanced, Based, BattleMaster, Equipment, Fighter, Fun		
117	Ancient Weaponry Roleplay	Paramonov95	AncientWeaponry_10de0de4-0bca-4efb-9534-282af45921f6.pak			
118	LeggyEquip_SHV	Shivero	LeggyEquip_SHV_7d388aee-a224-4934-8107-5a145e8a6311.pak			
119	BackPacks	Codey Hanson	BackPacks_75bef507-192e-464d-9e84-ddfc002ef4ca.pak			
120	CBR_Myrkul_Bane	Cerberry	CBR_Myrkul_Bane_fbb8c624-d223-46b8-9916-cc3cc1b46688.pak			
121	CBR_Myrkul_Bane_Headwear	Cerberry	CBR_Myrkul_Bane_Headwear_1d6d2961-d196-4be7-b3e6-a1261018f7c5.pak			
122	CBR_Pirates_Rebels	Cerberry	CBR_Pirates_Rebels_c845e560-7752-4c8e-ba87-90955e78b9e3.pak			
123	DrunkardItems	Vitruvian_Guar	DrunkardItems_60556af9-6464-4f9a-aa92-a8815491dae2.pak			
124	LegendaryItems	Oiff	LegendaryItems_061529e0-ddab-402e-a3ed-53caf7701290.pak			
125	More Mage Gear	pooteeweet	PTW_Sorcerer_94fed047-7d79-41e3-9d1c-1a3b3de781e4.pak			
126	RingOfMetamorph	Munnmo	RingOfMetamorph_757bec0e-dcdd-4bec-a971-9783a9dc8c33.pak			
127	RingsofPatheon	JINIX	RingsofPatheon_92650eca-5507-40aa-b369-f07d594b595e.pak			
128	PK Clothes	PseudoKociara	PK_Armors_N_Clothes_04b2bfdb-de2a-41e6-8798-011165cbd40e.pak			
129	Favored of Mielikki	Syd Meier	SYD_MielikkiBow_742428a4-2d72-4a4f-a33e-2bfb3a5084b0.pak			
130	Ancient Jewelry Roleplay	Paramonov95	AncientJewelry_7f1faf48-c50b-4a5a-b66b-7cdda8653962.pak			
131	Olympian Weapons	dmarquez	Olympian Weapons_dcac7271-ee4e-48b4-97fb-f0ebe7bfe10c.pak			
132	Dwarven Weaponry-Drakefire	Kharneth	Dwarven Weaponry-Drakefire_32eb7304-f74b-4e9c-8233-4e17fdbecaed.pak			
133	Extra Gear	pooteeweet	PTW_Extra_Gear_2cd6c65a-71cc-4db6-bfb2-70116ccd2b94.pak			
134	--------------------------->             Dyes	Echelon  Raizan	Plus Divisions - Dyes_e94b7286-ae37-4198-bd12-7ec3496dbc19.pak	Category, Division, Plus		
135	FaerunColors	TechRoot	CRS_FaerunColors_20889478-26d7-4f43-b9d5-485e7d57dc96.pak			
136	Aether's Black Dye	Aetherpoint	AethersBlackDye_53480625-d3e4-4cce-86c8-a8a793eb61d7.pak			
137	AS_ExtraDyes	AstralSprout	AS_ExtraDyes_909cf2d6-b4e9-413a-9101-7e5e063a3394.pak			
138	---------------------------|               Deities               |---------------------------	Echelon  Raizan	Plus Separators - Deities_7cd9922f-de88-4a0d-a7b3-e6c7fed5e999.pak	Category, Plus, Separator		
139	godsextra	LostSoulMan	godsextra_350c3ba5-9d59-4acd-b6b6-5d718be75029.pak			
140	Deity Tag Activator	Lightboom	DeityTagActivator_05827e11-37eb-4820-8916-1fa2060a84c7.pak			
141	---------------------------|                Feats                |---------------------------	Echelon  Raizan	Plus Separators - Feats_82af5972-b137-4add-af42-379df045ae1e.pak	Category, Plus, Separator		
142	Grappler Feat	drkekyll	GrapplerFeat_5c810a96-7748-4ce5-9a18-f8168a80f407.pak			
143	Tavern Brawler RAW	drkekyll	TavernBrawlerRAW_129a23e9-2b07-4d64-a2cf-ef0e1c82dd1a.pak			
144	OneDnD Monk - Deflect Attacks	BG3 Community	OneDnD_DeflectAttacks_c1cfc0d3-1dad-0000-0000-c00700000004.pak	Monk, OneDnD		
145	OneDnD Monk - Martial Arts	BG3 Community	OneDnD_MartialArts_c1cfc0d3-1dad-0000-0000-c00700000002.pak	Monk, OneDnD		
146	OneDnD Monk - Monk's Discipline	BG3 Community	OneDnD_MonksDiscipline_c1cfc0d3-1dad-0000-0000-c00700000003.pak	Monk, OneDnD		
147	Weapon Training Feat	Lumaterian	Weapon Training Feat_683fbe0a-b46f-4295-a742-878ef6771703.pak			
148	---------------------------|                Races                |---------------------------	Echelon  Raizan	Plus Separators - Races_ca229493-a1e6-4f0b-9847-6c9e63c95cd7.pak	Category, Plus, Separator		
149	--------------------------->             Fantastical	Echelon  Raizan	Plus Divisions - Fantastical_9ac68709-6f01-49ef-be8e-eee75ccb71a5.pak	Category, Division, Plus		
150	--------------------------->             Custom Races	Echelon Raizan	Plus Divisions - Custom Races_a37e2322-9232-410f-9ed0-c9d897f60ec3.pak	Category, Division, Plus		
151	Dragonborn Guardians	Trips	Trips_DGB_Daisy_c4f1b59d-552e-4867-87e5-039d4d448f09.pak			
152	Owlin Race Mod	Hornbird.Mod	Owlin_Race_c1e87b16-c845-4254-b831-bb22b13016fb.pak			
153	Hobgoblin	GentlemanBabbo	Hobgoblin_42152a0b-9b3c-4d63-8114-3ceba848f3e2.pak			
154	Heart Of The Forest - Dryad Race	EmeraldTechno	Em_Dryad_Race_e61be041-6c93-4576-a4b1-ad183e726f02.pak			
155	SatyrRace	labotor	SatyrRace_68315895-8bd4-4d53-aefc-1b853ffc1461.pak			
156	Firbolgs	tepkunset	Firbolgs_ecfb9910-1b38-4bbc-a873-4f2812fff276.pak			
157	FeyEladrin	tepkunset	FeyEladrin_abc09812-ed4d-43ff-9a93-ee46487e81d9.pak			
158	Flutter and Whimsy (Fairy Race)	labotor	FairyRace_673c5b7b-a274-4916-ad89-4e3c591e1187.pak			
159	Yuanti	tepkunset	Yuanti_b2d490bc-6e10-4bc2-89e0-69c8f68cd453.pak			
160	Ghastly Ghouls: Playable Undead Race	Ghouls0Rules	UndeadRace_f3d4e722-e576-43ce-a585-cfffcfcbcf40.pak			
161	Collectors from Krynnspace: Kender Race	Syd Meier	SYD_Kender_56fe7a47-e0d6-404e-b2d5-fd6e88cae6ae.pak			
162	Genasi	tepkunset	Genasi_97954f72-711b-4938-a5ae-6a477b2ed574.pak			
163	Ulitharid - Playable Mind Flayer's Race	JBJ_3Dart	JBJ_MindFlayer_5eaac82e-4eda-4a8d-a406-a8b40b5ca9ab.pak			
164	Cambions Balanced	Elmvick	Cambions Balanced_b3137ecc-053a-464b-b51a-d5c02c35c2e6.pak			
165	Whispers of the Divine: Aasimar Script Extender Edition	Trips	Trips_Aasimar_4806bd2a-929b-406e-b1d4-2e0e9cc23bb2.pak			
166	Whispers of the Fey: Changelings (Race)	Trips	Trips_Changeling_eaf83c50-1f22-4ce8-a825-25f07caf9faa.pak	Race		
167	Whispers of the Fey: Goblins (Race)	Trips	Trips_Goblin_ca81f091-bf1b-4bb6-90dd-1c4ef83fd798.pak	Race		
168	FollowersOfZerthimon	Suhra	FollowersOfZerthimon_ae6eacb7-f346-418f-89a9-f0e4c697baab.pak		SharedDev, Shared, Gustav, GustavDev	
169	Best Friend Ring Mod	Trips	Trips_BestFriend_0aff6547-50df-4ac9-b512-12e596fb7692.pak			
170	---------------------------|               Subraces              |---------------------------	Echelon  Raizan	Plus Separators - Subraces_df4aa120-298b-49f9-85bb-12970ba9f30d.pak	Category, Plus, Separator		
171	FizbansTreasuryOfDragons	3XC4L1B3R	FizbansTreasuryOfDragons_1e64a434-4318-42fe-9388-e6aa49505094.pak			
172	BB26DragonbornSubraceExpansion(Fizbans)	Backburner26	BB26DragonbornSubraceExpansion(Fizbans)_05fa72c7-be18-4398-b0c6-a5c11fc897f6.pak			
173	Haunted Warriors: Ghostwise Halfling Subrace	Syd Meier	SYD_GhostwiseHalfling_f8f5f704-d463-4616-a321-9460060538ff.pak			
174	ASTRL Elven Anthology	Astralities	ASTRLelvenanthology_66b20233-cf0a-44bb-9bcf-32c0e0b09c19.pak			
175	ASTRL Tiefling Subraces	Astralities	ASTRLtieflings_167b846f-0a0b-4e0c-a9d0-df448be1320a.pak			
176	Half-Tiefs	labotor	TieflingHybrids_144130e9-5eaf-48c3-b28f-446a0c2481aa.pak			
177	ShadarKai	tepkunset	ShadarKai_f65633b8-1af5-476e-87c8-3a9d64992ada.pak			
178	---------------------------|               Classes               |---------------------------	Echelon  Raizan	Plus Separators - Classes_7d288031-af5f-4ca1-a5fa-bc4532433983.pak	Category, Plus, Separator		
179	Blood Hunter	Wolfe	Blood_Hunter_411d5c6e-2bd5-4e4e-ab72-67dcc37b8c0e.pak			
180	Blood Hunter Expanded	xTekek	Blood Hunter Expanded_266d02b7-f085-4aa4-9929-682662c76f09.pak			
181	Magus	Gycicada	Magus_a827da36-4086-4d47-9945-f45555555555.pak			
182	757_Pugilist	Green Ninja757	757_Pugilist_0f14ab9a-0670-4cc8-a48b-609b1097983b.pak			
183	Skald	Tet42	Tet42_Skald_825395d0-b5f1-4d5c-bd1a-df581dbbf442.pak			
184	Artificer	Lykon, multiple authors, see https://github.com/Kidel/BG3_Artificer/graphs/contributors	Artificer_88fadf2c-152d-404e-b863-c12273559e1c.pak			
185	Artificer-5e-Addon	Multiple authors, see https://github.com/Kidel/BG3_Artificer/graphs/contributors	Artificer-5e-Addon_a35b2cf8-5047-487a-83a4-537d36245b6b.pak	Patch		
186	---------------------------|              Subclasses             |---------------------------	Echelon  Raizan	Plus Separators - Subclasses_98be52ff-c06b-4774-94cd-9b62968eb73a.pak	Category, Plus, Separator		
187	--------------------------->             Barbarian	Echelon  Raizan	Plus Divisions - Barbarian_d844cfec-5012-4ace-a6e8-679788fb3ffd.pak	Category, Division, Plus		
188	Battlerager5e	Sumradagnoth	Battlerager5e_39d6fda9-120e-4752-aeba-36ac09131ed9.pak			
189	Beast5e	Sumradagnoth	Beast5e_4e0a3f61-f70c-4cd4-a9e9-e9f57c452bad.pak			
190	Primal Sentry	Lumaterian	Primal Sentry_983ff852-00b1-46e6-b782-eb064a97d78f.pak			
191	Giant5e	Sumradagnoth	Giant5e_1c6eff65-2091-4532-93a5-9d4d483971b7.pak			
192	StormHerald5e	Sumradagnoth	StormHerald5e_6d39f0ca-cc7e-431e-ae53-a8b96bb11a21.pak			
193	Zealot5e	Sumradagnoth	Zealot5e_8a94d923-8a98-45b3-b4ed-1b42049707cb.pak			
194	AncestralGuardian5e	Sumradagnoth	AncestralGuardian5e_cfb3adf4-b8e1-4557-9dfa-41a7f62d86f6.pak			
195	OneDnD UA5 Barbarian Relentless Rage	Armarui	OneDnD Relentless Rage_0793c9f2-71f8-4c5d-a1d4-c3baf7665d7b.pak			
196	OneDnD UA8 Barbarian Short Rest Rage Recovery	BG3 Community	OneDnD_ShortRestRageRecovery_c1cfc0d3-1dad-0000-0000-c00200000002.pak	Example, Template		
197	Instinctive Pounce	Armarui	Instinctive Pounce_95bcb61e-0f77-4401-9a78-3952d7f2ff58.pak			
198	--------------------------->             Bard	Echelon  Raizan	Plus Divisions - Bard_b2b7f4e8-5834-4599-892e-b605a9c9a2a1.pak	Category, Division, Plus		
199	Bard Magical Secrets PHB	Lumaterian	Bard Magical Secrets PHB_44f6816e-966b-464a-b185-1f2e03a60cfa.pak			
200	GlamourBard	Bones687	GlamourBard_50b1fe7-4733-40bd-9506-5f5dd2bad616.pak			
201	College of Spirits	Havsglimt	CollegeofSpirits_beb361b4-cb75-4e75-8e54-c38fafeccc32.pak			
202	College of Creation	somesortofnick	CollegeOfCreation_3580202c-5b90-4fd5-835c-50e461206490.pak			
203	College of Eloquence	somesortofnick	CollegeofEloquence_933cc682-b732-48bc-9ec0-30c36b5c2f62.pak			
204	Tet42_CoB	Tet42	Tet42_CoB_31608458-e5e4-426c-bd3b-43ecbaba30d6.pak			
205	OneDnD Bard	BG3 Community	OneDnD_Bard_c1cfc0d3-1dad-0000-0000-c00300000001.pak	Bard, OneDnD	CommunityLibrary, 5eSpells	
206	--------------------------->             Cleric	Echelon  Raizan	Plus Divisions - Cleric_7073fe00-832d-44d2-80f1-b7edece88155.pak	Category, Division, Plus		
207	Clerics	Baltavi	Clerics_eef7b885-1423-4096-abd6-7a5db5f871db.pak			
208	Solidarity Domain	Lumaterian	Solidarity Domain_a24b52b7-067e-4195-b9cf-a7dbf0ce9b0f.pak			
209	Strength Domain	Duglboo	Strength Domain_7211c56e-6069-4f13-a895-a07731908e8c.pak			
210	Zeal Domain	Lumaterian	Zeal Domain_55301aec-88fc-4f77-8a4b-67bc28741db1.pak			
211	Inquisition Domain	Havsglimt	InquisitionDomain_08ff2a13-ba84-41b0-bf72-13235350a911.pak			
212	Clockwork Soul	Havsglimt	ClockworkSoul_b4576c0d-bbfe-40f5-afa3-3e3160371389.pak			
213	--------------------------->             Druid	Echelon  Raizan	Plus Divisions - Druid_0098e229-ddab-4a42-8ee2-b55f7b6ab26f.pak	Category, Division, Plus		
214	CircleofDreams	Yoshi	CircleofDreams_81d10c14-3abb-41d6-a6a6-78daab7076d5.pak			
215	Circle of Stars	Havsglimt	CircleofStars_7588b857-8bae-4967-a73c-20f7833ae26f.pak			
216	Circle of Stormchasers	Havsglimt	CircleofStormchasers_3876189d-cb2a-4867-88a6-f169371f8783.pak			
217	Circle of the Sea	CorianderBoi	CircleOfTheSea_d688a8a5-c24b-482b-bf6a-f72afb813027.pak			
218	Circle of the Shepherd	Havsglimt	CircleoftheShepherd_9f5832ae-2cf3-49c5-9c9a-69d91d05a778.pak			
219	Circle of Wildfire	Havsglimt	CircleofWildfire_26cc7a9c-f2f5-48ee-b829-f69b9698edb1.pak			
220	OneDnD Druid	BG3 Community	OneDnD_Druid_c1cfc0d3-1dad-0000-0000-c00500000001.pak	Druid, OneDnD		
221	--------------------------->             Fighter	Echelon  Raizan	Plus Divisions - Fighter_3b060b41-eaf7-4ee5-a68b-2875d7408a88.pak	Category, Division, Plus		
222	OneDnD_Fighter	Argelia	OneDnD_Fighter_562aa89a-6a6a-4278-8cfa-e59f73b2cdac.pak			
223	RuneKnight5e	Sumradagnoth	RuneKnight5e_97d0a967-2662-4f46-bf4c-a02adfbcaca8.pak			
224	RuneKnight5e Inscribe on Rest Patch	Sumradagnoth	RuneKnight5e_RestPatch_044f1c73-27c2-464d-9fb2-6fcbf2fae8a3.pak			
225	ArcaneArcher5e	Sumradagnoth	ArcaneArcher5e_8af1c5ac-6bae-4b3d-8aa1-ed644d4b7c93.pak			
226	Banneret5e	Sumradagnoth	Banneret5e_9fee37d5-7ffa-4f85-ac7d-feb431ece6e8.pak			
227	Samurai5e	Sumradagnoth	Samurai5e_280f6b67-f7cd-4b29-81a9-a2023431e909.pak			
228	PsiWarrior5e	Sumradagnoth	PsiWarrior5e_da631122-1408-4a0c-88cd-ebf3e1ddf465.pak			
229	DEchoKnight	wesslen	DEchoKnight_ecc0c754-0911-462e-8983-dcffe56c4d8d.pak			
230	DEchoKnightRAW	wesslen	DEchoKnightRAW_ecc0c754-0135-4236-96f2-87d53981d1de.pak			
231	--------------------------->             Monk	Echelon  Raizan	Plus Divisions - Monk_9df16455-bf62-47ce-b6a6-fa4fa7d62a07.pak	Category, Division, Plus		
232	5eE Monk Rework	drkekyll	5eEMonkRework_25eeb987-d8c1-4462-9f80-b7932e8d09ca.pak			
233	AscendantDragon5e	Sumradagnoth	AscendantDragon5e_52f55bb1-9331-4ab3-ad10-e8394ac4fcdb.pak			
234	LongDeath5e	Sumradagnoth	LongDeath5e_da317322-2378-4aec-965f-56d1fe9ecede.pak			
235	Monk Subclass - Way of Mercy	PlatypusVenom	Monk Subclass - Way of Mercy_c5343ccb-d1d8-4970-8a1d-c44203a6a55a.pak			
236	SunSoul5e	Sumradagnoth	SunSoul5e_55600146-ba95-413e-9d0d-f9c7506da6b4.pak			
237	Monk OneDnD UA8 Weapon Prof	BG3 Community	CLCF-Example-Boosts_c1cfc0d3-0000-0000-0000-addb00575001.pak	Example, Template		
238	--------------------------->             Paladin	Echelon  Raizan	Plus Divisions - Paladin_0a9b9bcc-0b42-4a3f-a8f8-e30a3e881b7e.pak	Category, Division, Plus		
239	Oath of the Watchers	Mako27	Oath_Watchers_e0e1ffe2-6e39-489b-9b70-b30e9025c5c7.pak			
240	Oath of Conquest	Havsglimt	OathofConquest_74b2a448-6771-4289-9393-d359c3b79596.pak			
241	Oath of Redemption	Havsglimt	OathofRedemption_3933b821-ccb1-48d6-b2ac-f5a4d7d5a375.pak			
242	Oath of the Bleak Walkers	Havsglimt	OathoftheBleakWalkers_a18a9e91-e25a-4954-82d4-2bfe570fa0c6.pak			
243	Oath Of the Phoenix	bluejoe1	OathOfthePhoenix_1f79ea98-105a-46b1-a04b-ac07a9a8ba9d.pak			
244	Oath Of Treachery	bluejoe1	OathOfTreachery_f890aa9d-6318-4bbd-adad-10d869edde17.pak			
245	Oath of Heroism	Lumaterian	Oath of Heroism_c4d2ced3-b15b-4246-8377-41d2089151dc.pak			
246	Oath of Glory	Mako27	Oath_Glory_689f22b4-38e9-40a7-aa81-3d3e7ed8d38c.pak			
247	Oath_Glory_Extra	Lumaterian	Oath_Glory_Extra_61be1e1e-4325-4d47-b643-783eb4d7b4f7.pak			
248	Oath Of the Crown	bluejoe1	OathOftheCrown_97a02775-d580-41b8-8864-590550383a8e.pak			
249	--------------------------->             Ranger	Echelon  Raizan	Plus Divisions - Ranger_efc12635-7973-4aa8-adc1-6370e9728b19.pak	Category, Division, Plus		
250	DarkRanger	Tet42	DarkRanger_7c7880b6-0ce1-4a03-8b1e-cf12e52aef94.pak			
251	HorizonWalker5e	Sumradagnoth	HorizonWalker5e_0fa9a997-4412-4303-bfc8-c013967031c9.pak			
252	HorizonWalker5e Combat Actions Patch	Sumradagnoth	HorizonWalker5e_CA_5559e709-a5e1-4c1d-95b2-b15a4a8a020e.pak			
253	HorizonWalker5e Grappling Framework Patch	Sumradagnoth	HorizonWalker5e_DrKGF_9dc7498e-990c-49fb-8b1f-53ebf716141f.pak			
254	MonsterSlayer5e	Sumradagnoth	MonsterSlayer5e_685371b8-e9ef-42c4-9621-62bfd795f788.pak			
255	FeyWanderer	Nitreaux	FeyWanderer_1b43992d-df17-4208-926b-11fc78ab26ab.pak			
256	Swarmkeeper	Havsglimt	Swarmkeeper_2831844d-e3bf-4d46-9920-71a2af947aac.pak			
257	--------------------------->             Rogue	Echelon  Raizan	Plus Divisions - Rogue_2227de69-ada8-464e-9b3d-391c39e61327.pak	Category, Division, Plus		
258	roguesextra	LostSoulMan	roguesextra_b986a6b0-6755-496c-8ea8-0fbee6b66026.pak			
259	Bloodletter	72division	Bloodletter_ca1322c0-95f4-472f-be2a-b8e5f718bc22.pak			
260	SB_Fencer	SkyeBorne	SB_Fencer_18d151a2-eced-4786-b8cc-273c2b578d09.pak			
261	SB_Fencer_Extra	Lumaterian	SB_Fencer_Extra_b4540235-2b33-4f36-bf4f-77cda5fde69c.pak			
262	--------------------------->             Sorcerer	Echelon  Raizan	Plus Divisions - Sorcerer_ff7b26b6-3be9-4e95-9868-e22681b98d33.pak	Category, Division, Plus		
263	Death Soul	Zeysir	DeathSoul_4e7b12d6-f7e7-47c3-ad16-e5732bd43688.pak			
264	Sorcerer: Divine Soul	pieroerri	SorcererDivineSoul_2033385e-0de5-4a30-9849-c5e436eb4e89.pak			
265	Dimension_Traveler	RuoYu	Dimension_Traveler_ed1b4127-3501-4249-85db-9af901334b2a.pak			
266	Dimension Traveler - Unlock Level Curve Patch	RuoYu	Dimension_Traveler_ULCP_a2fe4685-b4a7-4cf3-b831-52ba3f902c62.pak			
267	Aberrant Mind	Havsglimt	AberrantMind_1999672d-97f0-45aa-893c-f4ed5e800485.pak			
268	Wretched Bloodline	Havsglimt	WretchedBloodline_a429b3b6-9f94-478b-988a-c6cee3e1aa05.pak			
269	Graviturgy Magic	Havsglimt	GraviturgyMagic_c62ae435-c1a4-41b7-b887-4f24a6dcd846.pak			
270	Chronurgy Magic	Havsglimt	ChronurgyMagic_646d127d-6e6a-4d09-a2b0-2ec15b572e47.pak			
271	ChronurgyMagic5eSpells	kocus	ChronurgyMagic5eSpells_275fc6ac-a99c-41b3-91fa-85b9131179c7.pak			
272	Lunar Sorcery	Havsglimt	LunarSorcery_ee2c2648-e86f-408c-b5c5-eae25e5d4961.pak			
273	Favored Soul	Lumaterian	Favored Soul_7f7cdf16-30e7-4e84-b2c0-3b8d62cf90f5.pak			
274	Asgorath_Chaos_Sorcerer_SHV	Shivero	Asgorath_Chaos_Sorcerer_SHV_ab0af8e1-dd78-4aa7-9f2e-d4c15a89fca0.pak			
275	BB26Elemancer	Backburner26	BB26Elemancer_d40b8322-5d61-492d-9a0c-e75be1a1bbb2.pak			
276	BG3_StoneSorcery	magroth12345	BG3_StoneSorcery_0b84a72c-4907-4ae7-bd83-baf90c9fa92b.pak			
277	Shadow Sorcery	xarara	ShadowSorcery_a83a5961-4a09-43dd-b18e-3f79a286d316.pak			
278	UA7Sorc	Argelia	UA7Sorc_2cb929af-b6e3-4c8d-a7d8-cada94f299f5.pak			
279	UA7Sorc-Spells	Argelia	UA7Sorc-Spells_0cadb75c-16b5-474f-be0f-7b3a441e3a08.pak			
280	--------------------------->             Warlock	Echelon  Raizan	Plus Divisions - Warlock_a61c73ed-bf25-4669-a66f-63ba8f812e8a.pak	Category, Division, Plus		
281	AstralSelf5e	Sumradagnoth	AstralSelf5e_d4404e8c-5490-4776-be54-e55c24ec0bf6.pak			
282	WarlockUndead	CyberSpektre	WarlockUndead_95ba3595-2004-4f3c-96b0-4ab671fa1e23.pak			
283	The First Vampire	Havsglimt	TheFirstVampire_69b724c2-1e84-44a4-961a-c225c7e319de.pak			
284	FathomlessWarlock	veenab	FathomlessWarlock_5d30acc9-66aa-482b-8802-33aad93995e4.pak			
285	Hexblade	Feriat	Hexblade_e1eb6d1a-5922-4964-bfd7-c971e71e351a.pak			
286	HexbladeInvocations	Feriat	HexbladeInvocations_9772bb83-087c-405e-bb64-5ea5c3bf49f2.pak			
287	The Undying Light	Lumaterian	The Undying Light_787d4f4f-ea9e-41fa-8030-8a46617e8e6c.pak			
288	The Celestial	Lumaterian	The Celestial_1dc72390-16a3-4a72-acf4-0777d7bcffd9.pak			
289	DreadOverlord	aheram	DreadOverlord_2e686664-8fbb-4e08-9ec2-3eea5d0300ab.pak			
290	GenieWarlock	veenab	GenieWarlock_0cb5018a-f898-4446-9b9e-8f7a6c3fa9ea.pak			
291	Warlock - Pact of the Chain (Winged Horror)	BG3 Community	PactChain_WingedHorror_4e28edd4-006e-4612-b760-ca2494b610d1.pak	CMTY		
292	OneDnD Warlock - Spell List Additions	BG3 Community	OneDnD_WarlockSpellListAdditions_c1cfc0d3-1dad-0000-0000-c01200000007.pak	OneDnD, Spells, Warlock		
293	OneDnD UA7 Warlock Magical Cunning	BG3 Community	OneDnD_MagicalCunning_c1cfc0d3-1dad-0000-0000-c01200000003.pak	Example, Template		
294	OneDnD UA7 Warlock Pact Invocations	BG3 Community	OneDnD_PactInvocations_c1cfc0d3-1dad-0000-0000-c01200000004.pak	Example, Template		
295	OneDnD UA7 Warlock Pact of the Blade	BG3 Community	OneDnD_PactBlade_db49d2da-6046-4690-8eb7-00372e5fd109.pak	Template		
296	OneDnD UA7 Warlock Patron Spells - Archfey	BG3 Community	OneDnD_PatronSpells_Archfey_c1cfc0d3-1dad-0000-0200-c01200000002.pak	Example, Template		
297	OneDnD UA7 Warlock Patron Spells - Celestial	BG3 Community	OneDnD_PatronSpells_Celestial_c1cfc0d3-1dad-0000-0500-c01200000002.pak	Example, Template		
298	OneDnD UA7 Warlock Patron Spells - Fiend	BG3 Community	OneDnD_PatronSpells_Fiend_c1cfc0d3-1dad-0000-0300-c01200000002.pak	Example, Template		
299	OneDnD UA7 Warlock Patron Spells - GreatOldOne	BG3 Community	OneDnD_PatronSpells_GreatOldOne_c1cfc0d3-1dad-0000-0400-c01200000002.pak	Example, Template		
300	OneDnD UA7 Warlock Patron Spells - Hexblade	BG3 Community	OneDnD_PatronSpells_Hexblade_c1cfc0d3-1dad-0000-0600-c01200000002.pak	Example, Template		
301	OneDnD UA7 Warlock Patron Spells - Undead CyberSpektre	BG3 Community	OneDnD_PatronSpells_Undead_CyberSpektre_c1cfc0d3-1dad-0000-0700-c01200000002.pak	Example, Template		
302	OneDnD UA7 Warlock Patron Spells - Dread Overlord	BG3 Community	OneDnD_PatronSpells_DreadOverlord_c1cfc0d3-1dad-0000-0800-c01200000002.pak	Example, Template		
303	OneDnD UA7 Warlock Patron Spells - Raven Queen	BG3 Community	OneDnD_PatronSpells_RavenQueen_c1cfc0d3-1dad-0000-0900-c01200000002.pak	Example, Template		
304	OneDnD Warlock Patron Spells - Undying Light	BG3 Community	OneDnD_PatronSpells_UndyingLight_c1cfc0d3-1dad-0000-1500-c01200000002.pak	Example, Template		
305	--------------------------->             Wizard	Echelon  Raizan	Plus Divisions - Wizard_8203f373-9e8c-4797-b791-c474fa536fef.pak	Category, Division, Plus		
306	Hierophant	Lumaterian	Hierophant_d88fc971-5310-4982-8c03-5a96cc009b70.pak			
307	OneDnD Wizard	BG3 Community	OneDnD_Wizard_c1cfc0d3-1dad-0000-0000-c01300000001.pak	OneDnD, Wizard		
308	---------------------------|              Cosmetics              |---------------------------	Echelon  Raizan	Plus Separators - Cosmetics_84650f02-478e-42b9-9ffc-76c1515eb583.pak	Category, Plus, Separator		
309	--------------------------->             Heads	Echelon  Raizan	Plus Divisions - Heads_9f28277d-572d-4340-8923-b78e37840299.pak	Category, Division, Plus		
310	Koralina's Aesthetics - Head Collection	Koralina	CK_Heads_7616f854-3d6d-45b2-a8fd-58324babaa54.pak			
311	Dryad head	Moi	Dryad_e6dffe59-e564-4fca-bb3c-2d650cf72633.pak			
312	Durge's Mangled Head	AkELkA	AkELkA_DGB_Assets_pact1_9b1dfd07-799a-4318-bc00-0cef395bb077.pak			
313	Baldurian Beauty	Sithembile	BaldurianBeauty_01d018a5-780c-49c3-a54f-ce70823390f7.pak			
314	Faces of Faerûn	Aloija	Aloija_New_Heads_8c611d4b-75d9-40eb-ad61-15f898396e12.pak			
315	HGY Heads	horography	HGY_Heads_1d03bb84-5fa3-4f99-be8b-11d2190a097a.pak			
316	Tasha's Cauldron of Faces	TashaWeeds	TW_Faces_fbbca08c99-8141-459b-8cdf-eba2f87040ae.pak			
317	Blaze_Elin	Lydia	Blaze_Elin_b7d775c9-02dc-483c-b147-ed0e6e9aff95.pak			
318	CBR_Strong_Heads	Cerberry	CBR_Strong_Heads_0947916b-b577-4977-bc75-e1f3624528bc.pak			
319	Heads of Plenty	lumad11	lumad11_Heads_of_Plenty_7f477755-0875-4560-86d5-3bfb34379322.pak			
320	Lydia's Heads	Lydia	Lydias_Heads_468e4135-72b3-44ff-a15b-3374b502b46d.pak			
321	Lydia's Heads - Dark Seldarine	Lydia	LH_DarkSeldarine_b08907e2-38e3-49e4-86d9-4a1297322fe4.pak			
322	HW_HeadEdits	HeartsWires	HW_HeadEdits_0b051a3d-3f8e-4f12-a6df-a2feca729327.pak			
323	Kylin's Heads	Kylin3	Kylin_Heads_afface23-2d71-4614-88f9-bdbabdd61e03.pak			
324	Orin's Customisable Head for CC	Psychotter	Orin_Head_84b3defe-0a3c-45f3-aa18-a816d117a71b.pak			
325	Jerinski's Alt Hairs	jerinski	jerinski_alt-hairs_abe33151-44a0-468d-8cb1-67beb1c88c70.pak			
326	Reforged Head	AkELkA	AkELkA_DGB_Assets_pact3_8b29c7f6-1ae6-486d-bb39-bc5521148c71.pak			
327	Vanilla Heads for WotD Aasimar	perseidipity	VH_WotD-Aasimar_19015e48-63a7-426f-9582-cb04d8505e83.pak			
328	ChaoticNeuThrall Head Pack	ChaoticNeuThrall	ChaoticNeuThrallHeads_31c118e8-d0ce-42b3-85ad-3f07b5466310.pak			
329	CBR_Extra_Heads	Cerberry	CBR_Extra_Heads_89f8f83f-6fef-4d93-afed-47f237f49dd0.pak			
330	Jerinskis Heads - Short Lads	jerinski	jerinskis_short-lads_5a82464f-4189-423a-a690-37463992f276.pak			
331	Hearts Heads - Fey Eladrin Patch	HeartsWires	HW_HeartsHeads_EladrinPatch_67b07d1a-3013-4238-b3c8-1473188c337c.pak			
332	Hearts Heads - HotF - Dryad Patch	HeartsWires	HW_HeartsHeads_DryadPatch_00429a7c-aaca-454a-93bc-61bd1668cf6a.pak			
333	Hearts Heads - WotD - Aasimar Patch	HeartsWires	HW_HeartsHeads_AasimarPatch_4aa08d95-a003-430f-b199-b7fc829361e7.pak			
334	Crystal Crown	AkELkA	CrystalCrown_959a0f48-3d3b-4c2d-b305-e5c4c166bacb.pak			
335	Crystal Crown DMH	AkELkA	CrystalCrown_DMH_1075ced3-75e6-48a6-9eb7-26beac419b4b.pak			
336	Crystal Crown Rathgor	AkELkA	CrystalCrown_Rathgor_166d0c5f-bab8-4207-8d89-c7533a0cf20d.pak			
337	--------------------------->             Hair	Echelon  Raizan	Plus Divisions - Hair_17742f50-4fb0-405d-849f-490689ef540c.pak	Category, Division, Plus		
338	Hairstyles of Faerun	Aloija	HSoF_e8766cb7-3791-4fd9-ba47-1ff7880082d8.pak			
339	CBR_Simple_Hair	Cerberry	CBR_Simple_Hair_704b3a57-6159-4bf9-95ba-dfd53986d562.pak			
340	Toarie's Autosnap Hairpack	Toarie	AutoSnapPack_dfdb69c0-23ed-46a7-83bb-39fbbb84308c.pak			
341	Tasha's Cauldron of Hairstyles	TashaWeeds	Tasha's_Hairs_22a5106e-1ca0-4fd4-8814-18fad02e8d44.pak			
342	Tasha's Cauldron of Hairstyles Pack 2	TashaWeeds	Tasha's_Hairs_2_1ccb0216-5a79-4ce6-85e0-a144fc105b9f.pak			
343	Tav's Hair Salon - Tav's Hairpack	Toarie	DFHairPack_da0b99ca-4406-49c1-bef9-3a08621280a2.pak			
344	Kay's Hair Extensions	perseidipity	KayHairExtensions_0071c9ed-88b6-4c78-8adb-112593d08c1a.pak			
345	TepkunsetHairCollection	tepkunset	TepkunsetHairCollection_a34a1b2d-bcaa-44e0-885a-6087ccf92357.pak			
346	Em_Custom_Hair_Pack_One	EmeraldTechno	Em_Custom_Hair_Pack_One_875aa573-7b01-4dcc-822f-349968e57b4b.pak			
347	Em_Custom_Hair_Pack_Two	EmeraldTechno	Em_Custom_Hair_Pack_Two_d7678546-2393-433d-a3b4-256bfbbfdc78.pak			
348	Em's Dreads and Braids Hair	EmeraldTechno	Em_Dreads_and_Braids_90417f85-6d95-413f-9679-61acebeaf143.pak			
349	KS HAIR Edits Pack	keysuspect	Hair_Edits_f14dec1b-620b-465c-8034-54db520da4cc.pak			
350	Vemperen's Other Heads	Dufresne12, vemperen, Kartoffel	vemperens_heads_ef0fb0e3-a4e1-4672-84b3-bc63260e12af.pak			
351	Vessnelle_Hair1	Vessnelle	Vessnelle_Hair1_54ebec6c-00ce-48e1-8b75-53b6b72ecc3a.pak			
352	Vessnelle_Hair2	Vessnelle	Vessnelle_Hair2_d357aca8-e222-4c09-8b49-54354405502e.pak			
353	Vessnelle_Hair3	Vessnelle	Vessnelle_Hair3_fb9c340a-771a-46e8-bc7c-0d40b80c1885.pak			
354	Vessnelle_Hair4	Vessnelle	Vessnelle_Hair4_7661f2db-28a1-44d0-a52a-9485cf9019eb.pak			
355	--------------------------->             Horns	Echelon  Raizan	Plus Divisions - Horns_5dba574b-c7af-4afd-89e6-a93457fb9f05.pak	Category, Division, Plus		
356	Kylin's Horns	kylin3	Kylin_Horns_a952bb44-2cb5-4e6a-ad7b-b431a2249129.pak			
357	Hornology	lumad11	lumad11_Hornology_85b7d472-e341-473a-a953-aeced8141b41.pak			
358	Horns of Plenty	lumad11	lumad11_Horns_of_Plenty_b4f41d44-d7a2-44bd-818e-fcb1cb0ebe0e.pak			
359	PseudoKociaras' Horns	PseudoKociara	PseudoKociaras'_Horns_c1d7f569-acb3-4c91-8f67-c1e778bfdf62.pak			
360	Horns of Faerûn	Aloija	Aloija_New_Horns_192f57e4-a961-47be-ab94-e70042f9d211.pak			
361	Horns of Faerun Modded Races Patch	Padme4000	horns_of_faerun_patch_cfed36c5-82d2-41c3-a287-f679e96b4ca0.pak			
362	Half Tief Modded Races Tails Patch	Padme4000	Half-Tiefs_Tail_Patch_f9f73d62-60f8-45c5-b6d0-48abd0c880d6.pak			
363	Ghouls Customization Compendium	Ghouls0Rules	Ghouls_Custom_Heads_0ca0abef-f30a-40de-b8ef-e21a5868c498.pak			
364	Half-Tiefs - Flora and Fauna (Custom Horn Pack)	labotor	TieflingHybrids_FF_69919c1f-7e1c-4abc-807c-40e0b747e36d.pak			
365	--------------------------->             Hair Colours	Echelon  Raizan	Plus Divisions - Hair Colours_5d29dd44-d70a-4cdf-8c9d-a59561495309.pak	Category, Division, Plus		
366	P4 Bangs Bangs Everywhere	Padme4000	p4_fringes_80fb12aa-1d82-4df4-af42-7beae9250fb2.pak			
367	ASTRL Haircolor Overhaul	Astralities	ASTRLhairoverhaul_0ea2fbb8-6d23-4910-9a3b-a20fbd555240.pak			
368	ASTRL Hair Color Collection	Astralities	ASTRLhaircolorsv2_7a741e61-cf7c-46cc-b1b5-b67fbefd2ff4.pak			
369	ASTRL Hair Color Supplement	Astralities	ASTRLhaircolors_525600ac-ca07-4745-a5bc-0a620975e2f3.pak			
370	more_dreads_n_curls_hairstyles	Bububull	Afro_hair_A_52ee7123-bbe3-4f8a-bd62-04327b406cab.pak			
371	more Dreads and curly hairpack 02	Bububull	dreads_n_curls_pack02_67c540ea-c73d-4b55-b70f-6151f1f09aa0.pak			
372	Silver's Hair Pack	Silver	Silver_HairPack_1fd44eaf-a4d2-4de4-9560-51a0c8a63987.pak			
373	Silver's Hair Pack 2	Silver	Silver_HairPack2_c56e4b79-3bf3-446b-b06b-27dc86337663.pak			
374	Long Flowery Hair	EmeraldTechno	Em_RLong_Hair_ba6b1dc2-0bbc-413f-bd07-1ba808a77ab9.pak			
375	Short Flowery Hair	EmeraldTechno	Em_Short_Flowery_Hair_e550e525-99ad-4184-944d-d804f19e3743.pak			
376	--------------------------->             Skin Colours	Echelon  Raizan	Plus Divisions - Skin Colours_3dcead64-75b8-46ac-a5c9-855fd9aad357.pak	Category, Division, Plus		
377	ASTRL Draconic Sorcerer Scale Colors	Astralities	ASTRL_DraconicSorcererScales_f97666c7-f4d0-4f97-b772-1e8ad643b7f7.pak			
378	Serpentine Modifications	serpentine_sage	SerpentineModifications_34efd747-28d2-43cc-834d-15132ea9aeda.pak			
379	ASTRL Natural Skintones	Astralities	ASTRLnaturalskintones_af7f742c-c484-441e-8d06-eda735233068.pak			
380	ASTRL Sublime Skintones	Astralities	ASTRLsublimeskintones_da0e8d69-535c-4218-a42f-118c377184ca.pak			
381	ASTRL Fantasy Skintones	Astralities	ASTRLfantasyskintones_78537082-46a0-42c7-a718-d2dc9950cfdd.pak			
382	ASTRL Wondrous Skintones	Astralities	ASTRLwondrouskintones_31a373b2-5943-4a22-8aa5-410ca33792a5.pak			
383	--------------------------->             Eye Colours	Echelon  Raizan	Plus Divisions - Eye Colours_8dd2f784-354b-47c4-9316-01f1a84575c5.pak	Category, Division, Plus		
384	ASTRL Feywild Eyes	Astralities	ASTRLfeywildeyes_e6eb4b0f-a921-4632-b324-05c0619fcdc1.pak			
385	ASTRL Understated Eyes	Astralities	ASTRL_UnderstatedEyes_04d882a5-a1c8-4527-8772-3973d6b11aa5.pak			
386	--------------------------->             Accesories	Echelon  Raizan	Plus Divisions - Accesories_81cca0ce-a866-4731-8da2-486f3a2ce52d.pak	Category, Division, Plus		
387	Leyline Leila's Loops And Swirls Piercings Mod	LeylineLeila	Leyline_Leilas_Loops_And_Swirls_d6b694b8-160f-478e-9714-afd6507e6e26.pak			
388	Kylin's Piercings	kylin3	Kylin_Piercings_ec1b65ea-36e9-4469-b01c-07b346a36500.pak			
389	Ghouls Custom Piercings	Ghouls0Rules	Ghouls_Custom_Piercings_49f60f92-cde9-4621-aeae-7a5c9d412c03.pak			
390	Trips' Accessories	Discord: _trips_	Trips_Lip_Piercing_0ab9e889-3e9a-4f71-be60-ce33aedbeae7.pak			
391	More beards	bububull	more_beards_4d0c2a4c-d9e7-424b-970f-889f887fbfe3.pak			
392	---------------------------|            Miscellaneous            |---------------------------	Echelon  Raizan	Plus Separators - Miscellaneous_9d5a2903-9cf2-4eb9-b04d-87b7a79dd522.pak	Category, Plus, Separator		
393	---------------------------|               Cheats                |---------------------------	Echelon  Raizan	Plus Separators - Cheats_ff60bde3-c42c-46b5-9fb6-74617b1f79a1.pak	Category, Plus, Separator		
394	FamilyLegacy	Codey Hanson	FamilyLegacy_12d4fdc5-0b13-460f-91c5-beaac4ab9e86.pak			
395	Reliable Rolls - A	MaskedRPGFan	Reliable Rolls_55a7babf-1b39-4656-8fc1-650b4879a10b.pak	Passives, Rolls		
396	Ring Of Gods	Palmaman33	RingOfGods_c53a183b-10c0-4bcf-ab4d-296f60ca972d.pak			
397	Sword Of Gods	Palmaman33	SwordOfGods_46b38455-1799-45fb-9d5c-dfb2667874e7.pak			
398	Sword Of Gods - One Handed	Palmaman33	SwordOfGods_onehanded_e241dad4-8d72-4f4b-9b88-f2a077c6f60e.pak			
399	---------------------------|            Translations             |---------------------------	Echelon  Raizan	Plus Separators - Translations_25b57078-0b51-4514-a8a1-7801ca014c71.pak	Category, Plus, Separator		
400	FamilyLegacy_FR	Solmyr	FamilyLegacy_FR_c8b3bbc9-c449-4ede-a0f0-5d96b29257c8.pak			
401	5e Spells FR	Fenrules Ballzeh Thraximundar2772	5e Spells FR_4f1f9650-c6aa-43d6-8b14-b19b3951f3d1.pak	Translation		
402	AberrantMind_FR	BG3 Mod Translator	AberrantMind_FR_ad32003c-631f-4557-9f5c-288777f87990.pak			
403	AbsoluteWrath_FR	BG3 Mod Translator	AbsoluteWrath_FR_ca0b1dd8-1aeb-49d7-a124-4918b65e972f.pak			
404	Additional Backgrounds FR	Fenrules / Thraximundar2772	Additional Backgrounds FR_2de613b6-cd67-45cb-bea9-9e2523945167.pak			
405	Additional Encounters FR	Valgunn	Additional Encounters FR_4533c6b7-6a5a-4cbe-8135-c7d676c42bc9.pak	Translation		
406	Aether's Black Dye FR	Anklem	Aether's Black Dye FR_45cfccfc-f236-479d-bdc0-d78f846dc53a.pak	Translation		
407	Ambition Domain FR	Thraximundar2772	Ambition Domain_12c1ceef-cedb-4083-9c3d-4532c93c8ecf.pak	Translation		
408	Ancient Jewelry Roleplay FR	Valgunn	Ancient Jewelry Roleplay FR_1a3967a5-62fc-49f1-905f-37e19359cadf.pak	Translation		
409	Ancient Weaponry Roleplay FR	Valgunn	Ancient Weaponry Roleplay FR_9d85b81e-e04a-476f-8cb3-97da5884d623.pak	Translation		
410	Appearance Edit Enhanced FR	Anklem	Appearance Edit Enhanced FR_657b1217-9ac1-4dbb-9f20-9e7db69f57fe.pak	Translation		
411	ArcaneArcher5e FR	Sewayn Thraximundar2772	ArcaneArcher5e FR_eed8704f-f7e2-4812-8124-ee36b2f5d1ab.pak	Translation		
412	Artificer class FR	Ballzeh Thraximundar2772	Artificer class FR_b50aa856-9ab5-4a4b-a57a-6d472f91f074.pak	Translation		
413	AS_ExtraDyes_Bundle_FR	Anklem	Extra dyes FR_7e09e85f-1477-4f60-90d1-771ca094c38e.pak	Translation		
414	Asgorath Chaos Sorcerer FR	Thraximundar2772	Asgorath Chaos Sorcerer FR_723a7b9d-43de-4453-a28a-b2525dd18dba.pak	Translation		
415	Astarion's Gear FR	Anklem	Astarions Gear FR_21fc2e49-36ed-4d0d-a642-6326e00610c2.pak	Translation		
416	AstralSelf5e -FR	Valgunn	AstralSelf5e -FR_cb02a864-b452-453d-8ccf-8fa972f6c714.pak	Translate		
417	BackPacks FR	kusanagi942	BackPacks FR_46a5c507-257e-4bed-b63a-8d2aec45e1b8.pak			
418	Bags of Sorting FR	Valgunn	Bags of Sorting FR_02088b1d-feef-46e0-a271-4e97dfe9041e.pak	Translation		
419	BagsBagsBagsReforgedFR	Friipside	BagsBagsBagsReforgedFR_b70e2f3a-8900-4331-ab69-9a044e1e072b.pak			
420	Banneret5e -FR	Valgunn	Banneret5e -FR_fea758e3-f352-43fd-89fd-d9307991433b.pak	Translate		
421	BB26DragonbornSubraceExpansion(Fizbans) FR	kusanagi942	BB26DragonbornSubraceExpansion(Fizbans) FR_873ee25d-ef55-43a6-9363-60157c05b1cb.pak			
422	Best Friend FR	Thraximundar2772	Best Friend FR_c0e4abb0-e689-4a03-be05-c9d50fbcf8a4.pak	Translation		
423	Blood Hunter FR	Sewayn Thraximundar2772	Blood Hunter FR_21049d33-a89f-4937-a682-de7c7fc8f9ec.pak	Translation		
424	Blood Hunter Profane Soul FR	Sewayn Thraximundar2772	Blood Hunter Profane Soul FR_ffedbc2b-39eb-4ee5-974e-b8de706ae51f.pak	Translation		
425	Bloodletter FR	Sewayn	Bloodletter FR_b5d378c3-8559-4953-9b9e-45f2a51e9686.pak	Translate		
426	Cambion Race FR	Thraximundar2772	Cambion Race FR_54dd98db-1129-4963-b639-b3d69934368a.pak	Translation		
427	CBR_Battlemage FR	Anklem	Battlemage Armor FR_1f66937d-c6ad-49c7-8412-2be1e0e64c4f.pak	Translation		
428	CBR_Kisses FR	Anklem	Kisses FR_7336878b-a21f-4b03-9526-428650ca8960.pak	Translation		
429	CBR_Pirates_Rebels FR	Anklem	Pirates and Rebels FR_d6eb2cd3-594a-404f-a33d-7a6e35c7eef5.pak	Translation		
430	Changeling FR	Fenrules / Thraximundar2772	Changeling FR_7abb945d-d542-440c-af51-b50251ef1af7.pak			
431	Circle of Dreams FR	Ballzeh	Circle of Dreams FR_a3cfcc21-ca84-4058-807e-00677ea7470b.pak	Translation		
432	Circle of Spores Enhanced FR	kusanagi942 / Thraximundar2772	CircleofSporesEnhanced FR_b6f0701d-0c6d-4294-ba82-d15842fbcf27.pak			
433	Circle of Stars FR	Ballzeh	Circle of Stars FR_26976f74-e9f3-412e-875a-2a1f6b7bfac5.pak	Translation		
434	Circle of Stormchasers FR	Sewayn	Circle of Stormchasers FR_db0e2bd1-b7f7-45a0-bf61-8a3fed5e4857.pak	Translation		
435	Circle of Wildfire FR	Ballzeh	Circle of Wildfire FR_4335e215-4f14-4997-b0f0-cf5f028c78bb.pak	Translation		
436	Playable Firbolgs FR	Thraximundar2772	Playable Firbolgs FR_e9474884-d0eb-4f89-88a2-a058a3137b32.pak	Translation		
437	CircleOfTheSea_FR	BG3 Mod Translator	CircleOfTheSea_FR_99c37d2a-354a-48ff-affd-ad37c7b16644.pak			
438	Clerics_TrueFR	Ballzeh	Clerics_TrueFR_6a63300f-a1b1-4264-8af1-bf78a8f78320.pak			
439	CloaksOfFaerunFr	Fenrules	CloaksOfFaerunFr_26b261f3-2c24-4495-b50a-27a761f3076e.pak	Translate		
440	Clockwork Soul FR	Thraximundar2772	Clockwork Soul FR_8b647df7-f2d6-4e7f-bf09-c48499e6cc2e.pak	Translation		
441	Coffers of Forlorn Treasures FR	Thraximundar2772	Coffers of Forlorn Treasures FR_42bbbabc-1924-44a3-bc7e-c49d34e5fdef.pak	Translation		
442	College of Spirit FR	Ballzeh / Thraximundar2772	College of Spirit FR_ab0e7157-5631-4cae-980f-070dd2517579.pak	Translation		
443	College of Valour Enhanced FR	Thraximundar2772	College of Valour Enhanced_d69c7da8-1f6b-423b-ad15-5f4048d18efa.pak	Translation		
444	Community Library FR	BG3 Community / Thraximundar2772	Community Library FR_2fa8f884-153a-45dd-8475-9aa663da8339.pak	CMTY, Library, Translation		
445	Crafting Framework FR	Ballzeh	Crafting Framework FR_7756c7f6-19c0-4f92-b4d3-53c1a4ef6054.pak			
446	Crowns of Nature FR	Anklem	Crowns of Nature FR_d7286874-d48c-40cf-8c39-c8920cae0bea.pak	Translation		
447	DarkRanger_FR	BG3 Mod Translator	DarkRanger_FR_1af53c8e-f690-44c7-a949-03206baeed6b.pak			
448	Death Soul FR	Sewayn thraximundar2772	Death Soul FR_af433157-5c6c-4b0a-bdab-64bb74efb37b.pak	Translation		
449	DEchoKnight -FR	Valgunn	DEchoKnight -FR_7cf23631-3e50-43e9-8acf-23303a5861b2.pak			
450	Divine Soul (Revised) FR	Fenrules	Divine Soul (Revised) FR_d66ec291-2882-465e-b397-fc6df40c8216.pak	Translation		
451	DLCEnhanced FR	kusanagi942	DLCEnhanced FR_c15d1d7b-dd5d-4eef-b5b4-b684fce74908.pak			
452	DreadOverlord_French	Keviinn86	DreadOverlord_French_33d2bb9c-5caf-11ee-8c99-0242ac120002.pak			
453	Drow Weaponry - Rapier FR	Valgunn	Drow Weaponry - Rapier FR_43ec8419-ecdf-4a57-b3db-2abe81042a63.pak	translate		
454	DrunkardItems FR	kusanagi942	DrunkardItems FR_9af58939-73cb-410d-adba-2ac889684cfb.pak			
455	Dwarven Weaponry - Drakefire FR	Valgunn	Dwarven Weaponry - Drakefire FR_1cad2a7e-50bb-4b4c-87fe-5d79a6bc15fb.pak	Translate         		
456	Elemental_Spells_SHV_FR	Thraximundar2772	Elemental_Spells_SHV_2e4c6be9-8e78-41ea-8c3f-79488779f6db.pak	Translation		
457	Elven Weaponry - Daggers FR	Valgunn	Elven Weaponry - Daggers FR_32727690-293b-4282-a70c-1b6fb8f91d05.pak	Translate		
458	Elven Weaponry - Glaives FR	Valgunn	Elven Weaponry - Glaives FR_1c43e8fe-56f3-4eee-9b75-b09e0b7da3d2.pak	Translate		
459	Elven Weaponry - Katanas FR	Valgunn	Elven Weaponry - Katanas FR_bdc78deef-f1f3-4c20-ab0c-cb38a7ac1ee6.pak	Translate		
460	Elven Weaponry - Longbows FR	Valgunn	Elven Weaponry - Longbows FR_1a4facdd-c81c-43d3-a14b-c9d5ee91b509.pak	translate		
461	Elven Weaponry - Needle Addon FR	Valgunn	Elven Weaponry - Needle Addon FR_d30994a8-2fcc-4482-b62d-f7ce1fc11c26.pak	Translate		
462	Elven Weaponry - Paladin FR	Valgunn	Elven Weaponry - Paladin FR_039695d3-5b4d-498b-be46-1fc9c6c00cc1.pak	Translation		
463	Elven Weaponry - Shortbows FR	Valgunn	Elven Weaponry - Shortbows FR_bb7fc58c-12d2-4251-8217-23a4076ad67d.pak	Translate		
464	Elven Weaponry - SmithingKit FR	Valgunn	Elven Weaponry - SmithingKit FR_cfe76618-cca7-40e7-9908-e811da73e8ee.pak	Translate		
465	Elven Weaponry - Spears FR	Valgunn	Elven Weaponry - Spears FR_6bd2e6a3-c548-4714-b4fa-f7dc944eb444.pak	Translate		
466	Elven Weaponry - TutorialChest FR	valgunn	Elven Weaponry - TutorialChest FR_931888a3-a7b7-4d76-90ff-e1406548a6e3.pak	translate		
467	Elven Weaponry - Wands FR	Valgunn	Elven Weaponry - Wands FR_436d4921-38e3-47b8-b7a4-471e00ebb108.pak	Translate		
468	ElvenBladeWeaponry -FR	Valgunn	ElvenBladeWeaponry -FR_d3137994-3110-4add-a93d-c8e9d4ef4c84.pak	translate		
469	Em_Dryad_Race FR	kusanagi942	Em_Dryad_Race FR_a2b812cd-5924-48c3-bc1d-c47876338f18.pak	Translation		
470	Expension Level 13-20 FR	Thraximundar2772	Expension Level 13-20 FR_1ae448e8-3fde-4a41-947d-ec915dd170ce.pak	Translation		
471	Extra Gear FR	Sewayn	PTW_Extra_Gear_FR_cb86efc7-b8c2-442b-9d28-14874533d6f8.pak	Translate		
472	Faerun Colors FR	Thraximundar2772	Faerun Colors FR_2a5d6109-fbef-4e05-9462-ece19622abb1.pak	Translation		
473	FathomlessWarlockFR	Mijj	FathomlessWarlockFR_88e5a2a6-7c40-4a35-9e1d-deb0ccb66e11.pak			
474	Favored Soul FR	Thraximundar2772	Favored Soul FR_ec215270-3d6e-4645-92b6-ef966e8eac2e.pak	Translation		
475	Fey Eladrin FR	Thraximundar2772	Fey Eladrin FR_5470a2a8-5a3a-4875-85ca-3c8e9cd039c1.pak	Translation		
476	FizbansTreasuryOfDragons FR	Ballzeh	FizbansTreasuryOfDragons FR_8e0085f5-e93c-4e2d-a4af-f6ed2a413736.pak			
477	FollowersOfZerthimon_FR	Fenrules	FollowersOfZerthimon_FR_cfaefdb7-0f8c-4ef7-a76a-4a4e444a2c33.pak			
478	Genasi FR	kusanagi942	Genasi FR_eee08b22-14f2-41c6-ad56-4a770570d534.pak			
479	Ghastly Ghouls: Playable Undead Race FR	kusanagi942	UndeadRace FR_67628ead-707c-4190-b203-27784326ec50.pak	Translation		
480	Ghostwise Halfling FR	Syd Meier	Ghostwise Halfling FR_2e52e676-0dd5-43b2-8eb5-fad6bfc17274.pak	Translation		
481	Glamour Bard FR	Ballzeh	Glamour Bard FR_ca5e0e7b-7522-42db-9513-3bb0ffc52cd1.pak	Translation		
482	Goblin Race FR	Fenrules	Goblin Race FR_69b1ae2d-fb88-4328-86d0-a0a50a30e7eb.pak			
483	godsextra_French	Keviinn86	godsextra_French_acd04a28-5a0c-11ee-8c99-0242ac120002.pak			
484	Grappler Feat FR	Thraximundar2772	Grappler Feat FR_ffb81b42-bcd2-4da3-93a1-59a01d91894d.pak	Translation		
485	Grappling Framework FR	Ballzeh	Grappling Framework FR_4fa40a0d-84d3-4d71-85dd-acbb611280b5.pak			
486	Graviturgy Magic FR	Ballzeh	Graviturgy Magic FR_d1163ecc-195c-4294-b27a-0143758ec50c.pak			
487	Hexblade subclass FR	Ballzeh Thraximundar	Hexblade subclass FR_efbc3d6d-35f7-4abf-ab39-786eddbc46ca.pak	Translation		
488	HorizonWalker5e FR	Thraximundar2772	HorizonWalker5e_1a7ea1ca-922f-4b0f-8a06-28e9a9b0170c.pak	Translation		
489	Hugs FR	Anklem	Hugs FR_0fd96fa9-c285-41ce-af1a-884e186aebe6.pak	Translation		
490	Impactful Backgrounds FR	Thraximundar2772	Impactful Backgrounds_5b3be250-96f5-4ca3-a5c0-b7408bb99ae1.pak	Translation		
491	Improved Dragonborn Breath Weapon FR	kusanagi942 Thraximundar2772	Improved Dragonborn Breath Weapon FR_b82d41b9-2535-4f9d-83dd-87ede3359c58.pak	Translation		
492	Inquisition Domain FR	Thraximundar2772	InquisitionDomain FR_39d6e58c-36bf-4e74-9159-f4aec94c6587.pak	Translation		
493	JWL Discordant Instruments -FR	Valgunn	JWL Discordant Instruments -FR_dae8ce5d-3a2a-4ca4-ac41-5b3d5ddcbc86.pak	Translate		
494	Legendary Equipment FR	Thraximundar2772	Legendary Equipment FR_c998546a-15da-4cd0-8276-b5fe61ae5b3d.pak	Translation		
495	LegendaryItems -FR	Ballzeh	LegendaryItems -FR_78b27ebc-16f0-4f56-a7f4-0b3ff873c129.pak	Translate		
496	Long Death FR	Thraximundar2772	Long Death FR_f7f4c5fe-12de-4e3f-ab7e-9d15b0bf73f7.pak	Translation		
497	Lunar Sorcery FR	Thraximundar2772	Lunar Sorcery FR_11474f48-bff1-4b0b-83df-bc160b450731.pak	Translation		
498	Magus class FR	Sewayn	Magus class FR_74211bd1-70ee-48f2-ae64-1102e1f8ce97.pak	Translation		
499	Monk Subclass - Way of Mercy_FR	Ballzeh	Monk Subclass - Way of Mercy_FR_27f9855c-71a9-43da-a875-457b5d689346.pak			
500	Monster Slayer FR	Thraximundar2772	Monster Slayer FR_25c124b9-d1e8-4cab-a937-e10181bd28ac.pak	Translation		
501	More Mage Gear FR	Anklem	More Mage Gear - FR_0f68ced7-d980-493f-865d-84f0adc4e52.pak	Translation		
502	Oath of Conquest FR	Ballzeh / Thraximundar2772	Oath of Conquest FR_141b8809-3604-4349-9a3a-4e9f4af17ed0.pak	Translation		
503	Oath of Glory FR	Ballzeh	Oath of Glory FR_afc36d44-4a1b-4259-929f-c00b541ff445.pak	Translation		
504	Oath of Redemption FR	Sinistr	OathofRedemption FR_3b174707-bedb-498a-83a3-89c40d88f0db.pak			
505	Oath of the Phoenix FR	Sewayn Thraximundar2772	Oath of the Phoenix FR_4367bb03-bee8-4518-8ac5-8cd9961a0a9d.pak	Translation		
506	Oath of the Watchers FR	kusanagi942	Oath of the Watchers FR_84a9d4e2-a54d-4fdd-8f3f-e6f27b466b87.pak	Translation		
507	Olympian_Weapons of Olympus FR	Valgunn	Weapons of Olympus FR_4f413292-932d-40a8-a257-442260ec2225.pak	Translation		
508	Owlin Race FR	Thraximundar2772	Owlin Race FR_04e72094-59e5-4ed8-bd40-8e269fa18a47.pak	Translation		
509	Path of the Battlerager FR	Thraximundar2772	Path of the Battlerager FR_59973217-c4e9-4d40-b7e1-4c612425a9ae.pak	Translate		
510	Path of the Beast FR	Thraximundar2772	Path of the Beast FR_7101c16e-c786-4ea4-88d9-cfeeb09e70f1.pak	Translation		
511	Path of the Giant FR	Ballzeh / Thraximundar2772	Path of the Giant FR_18f1b6ea-9385-4510-83c0-5b2b39368ccd.pak	Translation		
512	Path of the Primal Sentry FR	Thraximundar2772	Path of the Primal Sentry FR_51978529-ed35-4a90-82ac-e291685acb7e.pak	Translate		
513	Path of the Zealot FR	Thraximundar2772	Path of the Zealot FR_e2146dac-359c-4dbc-9bee-544a4f050c86.pak	Translate		
514	PK Clothes FR	Anklem	PK Clothes FR_212d6730-2d92-4bbc-a72b-23d249528bae.pak	Translation		
515	Playable Fairy Race FR	Thraximundar2772	Playable Fairy Race FR_0c92f153-8451-4e4d-a235-7da629a43c8c.pak	Translation		
516	Quiver FR	kusanagi942	Quiver FR_e00f4076-0339-4fd3-ab25-3007c0fae8b4.pak			
517	RingOfMetamorph FR	Anklem	Ring of Metamorph FR_b8b2888a-a56d-4cab-bbe9-ccc3c576cd82.pak	Translation		
518	Rings of Pantheon FR	kusanagi942	Rings of Pantheon FR_73c5bedc-6e2a-4315-a5a3-e4ccf475b810.pak	Translation		
519	Rogue Fencer Subclass FR	Sewayn	Rogue Fencer Subclass FR_d96b3cd2-813a-4592-8b40-9a35a23f8e8d.pak			
520	roguesextra_FR	Ballzeh	roguesextra_FR_3be5399b-a648-4fad-8ff6-328a82dbcd5b.pak			
521	Rune Knight FR	Thraximundar2772	Rune Knight FR_c69cbf9d-ff78-4d12-97fd-888abfe879cf.pak	Translation		
522	Samurai5e -FR	Valgunn	Samurai5e -FR_65e32a3d-a665-47f7-893c-31dca2f42b3d.pak	translate		
523	Satyr Race FR	kusanagi942 Thraximundar2772	Satyr Race FR_226cc41b-9926-437b-ab15-a2dcfdda355b.pak	Translation		
524	School of Transmutation Enhanced FR	Thraximundar2772	School of Transmutation Enhanced_516ef039-d95d-404f-b937-999a9228afb4.pak	Translation		
525	Skald FR	Sinistr	Tet42_Skald FR_cea2e02b-940b-4569-874d-1e5f9056a6dd.pak			
526	Solidarity Domain FR	Thraximundar2772	Solidarity Domain_a20ed088-8aaa-4b4c-84e0-1a2f5c50907b.pak	Translation		
527	Storm Sorcery Enhanced_FR	BG3 Mod Translator	Storm Sorcery Enhanced_FR_158089d0-014d-45cd-9068-4da8a905fb14.pak			
528	StormHerald5e FR	kusanagi942	StormHerald5e FR_7605edb4-6d0c-4742-b680-34244f37278e.pak			
529	Strength Domain FR	Traximundar2772	Strength Domain FR_1cd16873-da25-4bc3-ba4e-c63188d68580.pak	Translation		
530	Swarmkeeper FR	Sewayn	Swarmkeeper FR_9a96c40f-7ad7-43db-b252-9f4a2ca7224c.pak	Translation		
531	Syd Kender FR	Thraximundar2772	Syd Kender FR_0b959a9a-ede1-413f-b6bb-8ae36c9dbd7a.pak	Translation		
532	Tavern Brawler Feat FR	Thraximundar2772	Tavern Brawler Feat FR_7d2d0307-4052-4704-b227-acde7ab113a5.pak	Translation		
533	The First Vampire FR	Thraximundar2772	The First Vampire FR_59c38018-e25e-4c3c-89d7-bd2663f3dee5.pak	Translate		
534	Tiefling Compendium FR	kusanagi942 Thraximundar2772	Tiefling Compendium FR_8264c939-1e8b-4258-b252-85eaff67bb5d.pak	Translation		
535	Transmog Enhanced FR	Ballzeh	Transmog Enhanced FR_1ba7bdad-5bc5-497c-982d-e712a01cc8bd.pak			
536	Ulitharid - playable Mind Flayer's FR	Valgunn	Ulitharid - playable Mind Flayer's FR_adf07555-3d71-4bee-b56a-7a391237eb03.pak	Translation		
537	Valkrana's Spellbook FR	Fenrules / Thraximundar2772	Valkrana's Spellbook FR_8c595044-937f-4cd2-8179-ee0aa07c0a5d.pak	Translation		
538	War Domain Enhanced FR	Thraximundar2772	War Domain Enhanced_388904f7-0abb-4df9-a23a-7905af517fdf.pak	Translation		
539	Warlock Undead FR	Fenrules thraximundar2772	Warlock Undead FR_5f3bb322-b305-415d-9d07-c49b46ff188a.pak	Translation		
540	Weapon Training Feat OneDnD UA2 FR	kusanagi942	Weapon Training Feat OneDnD UA2 FR_cc06dc0c-68a1-4bf4-9791-035e2b377561.pak			
541	Whispers of the Divine - Aasimar Script Extender Edition - Version FR	Ballzeh / Thraximundar2772	Aasimar SEE FR_fa0cf28c-1701-4d8d-a899-19375d03be00.pak	Translation		
542	Yuanti FR	Thraximundar2772	Yuanti FR_b0b9bdf7-bf1d-4f3b-b7bb-2f5e151c699f.pak	Translation		
543	Zeal Domain FR	Traximundar2772	Zeal Domain_c2a58503-05b1-4709-b9ae-4f43037c1176.pak	Translation		
544	--------------------------->             Tweaks	Echelon  Raizan	Plus Divisions - Tweaks_45784200-7911-419f-8bb7-52a4072bcb6c.pak	Category, Division, Plus		
545	CustomCompanions	adriant1978	CustomCompanions_a6b6aaa8-88bd-11ee-908e-13034502ea2b.pak	Companions		
546	College of Valour Enhanced	Lumaterian	College of Valour Enhanced_8b1c26ca-d18f-4df3-8094-2c414b522923.pak			
547	Knowledge Domain Enhanced	Lumaterian	Knowledge Domain Enhanced_47697342-bf42-4316-b188-d05811298854.pak			
548	War Domain Enhanced	Lumaterian	War Domain Enhanced_916f28a7-e72c-4a84-8d38-9e38fcfb015e.pak			
549	Circle of Spores Enhanced	Havsglimt	CircleofSporesEnhanced_234262d5-7bf8-4ecf-a0f9-0d5544fb40ed.pak			
550	Circle of the Land Enhanced	Lumaterian	Circle of the Land Enhanced_943fe63a-161c-4865-9191-3061287ddc23.pak			
551	Eldritch Knight Enhanced	Lumaterian	Eldritch Knight Enhanced_24de6568-a2bc-4127-a08f-c6f6242b9185.pak			
552	Arcane Trickster Enhanced	Lumaterian	Arcane Trickster Enhanced_3246dfee-e767-4bcd-b866-b509222696b2.pak			
553	School of Transmutation Enhanced	Lumaterian	School of Transmutation Enhanced_12a74e1f-b60b-4d65-a132-7089efc2067f.pak			
554	Storm Sorcery Enhanced	Lumaterian	Storm Sorcery Enhanced_29bf6371-99fe-4cb0-98e4-97989d8748a8.pak			
555	Starting Equipment PHB	Lumaterian	Starting Equipment PHB_355db5b3-6394-4586-a449-fcca4d719f5b.pak			
556	SEP Patch - Inquisition Domain	Lumaterian	SEP Patch - Inquisition Domain_68ed5891-9316-4447-8c48-811b10723736.pak			
557	SEP Patch - Paladin Armor Visuals	Lumaterian	SEP Patch - Paladin Armor Visuals_01d69dc4-a9d2-43e3-8fb1-7758b9fa9792.pak			
558	SEP Patch - Hexblade	Lumaterian	SEP Patch - Hexblade_c9e61842-41b8-4c3e-958d-32fd9118d0bf.pak			
559	---------------------------|               Patches               |---------------------------	Echelon  Raizan	Plus Separators - Patches_3ef321fd-1189-4941-87e4-cf646c211d30.pak	Category, Plus, Separator		
560	DEchoKnight Fix - WotD:Aasimar	wesslen, Trips	DEchoKnightAasimar_1068e5ed-3cd2-4033-b49f-d809c4396f85.pak			
561	FairyRace CC - Em's Custom Hair Pack 1 + 2 (Patch)	labotor - EmeraldTechno	FairyRaceEmCustomHairPatch_fdbf778d-0780-40c5-89a5-449e34d40e9c.pak			
562	FairyRace CC - Em's Hair Mashups Pack 1 + 2 + 3 (Patch)	labotor - EmeraldTechno	FairyRaceEmMashupHairPatch_f51f421f-15e0-4d52-9bcc-cf965100394d.pak			
563	FairyRace CC - Hearts' Heads (Patch)	labotor - HeartsWires	FairyRaceHWHeadsPatch_36897789-8300-4ac7-9a62-f5d3fec41bbd.pak			
564	FairyRace CC - Long + Short Flowery hair (Patch)	labotor - EmeraldTechno	FairyRaceFlowerHairPatch_cb507d7a-4396-4e7b-b8ae-e1a92e5816c9.pak			
565	FairyRace CC - More Dreadlocs and Curly Hairstyles (Patch)	labotor - Bububull	FairyRaceMDCHPatch_67fdcdb5-ca0d-4e54-a4d4-74ffef615bfd.pak			
566	FairyRace CC - Faces of Faerun (Patch)	labotor - Alojia	FairyRaceFoFPatch_c567c7b9-ad73-4e2e-aaa3-2277b1835e9b.pak			
567	FairyRace CC - Jerinski's Heads for the Short Lads (Patch)	labotor - jerinski	FairyRaceShortLadsPatch_5c41a00b-490a-47f8-ae72-f04736ca87e1.pak			
568	FairyRace CC - Vemperen's Other Heads Repaired (Patch)	labotor - Dufresne12	FairyRaceVemperenPatch_195c5fa6-dcbd-42c7-b76c-3466bbba3387.pak			
569	SatyrRace CC - Faces of Faerun (Patch)	labotor - Alojia	SatyrRaceFoFPatch_d3612b11-75da-4fe5-a615-57ccc72477c3.pak			
570	SatyrRace CC - Em's Custom Hair Pack 1 (Patch)	labotor - Vessnelle	SatyrRaceEmCHPPatch_1679a35a-fa89-469b-bb11-79d75b27868d.pak			
571	SatyrRace CC - Ghouls Custom Piercings (Patch)	labotor - ghouls0rules	SatyrRaceGCPPatch_96c14053-9ec0-41e2-8207-a9e53569471b.pak			
572	SatyrRace CC - Long + Short Flowery hair (Patch)	labotor - EmeraldTechno	SatyrRaceFlowerHairPatch_b8b815f8-ecde-410e-93aa-f398e3579c45.pak			
573	SatyrRace CC - More Dreadlocs and Curly Hairstyles (Patch)	labotor - Bububull	SatyrRaceMDCHPatch_d7e5e7ec-7e65-4a9e-aa41-c351e129cae7.pak			
574	SatyrRace CC - Vessnelle's Hair Collection (Patch)	labotor - Vessnelle	SatyrRaceVessnellePatch_c540a46b-183d-41d1-bcaa-2c206a3ea53d.pak			
575	SatyrRace CC - More Beards (Patch)	labotor - bububull	SatyrRaceMoreBeardsPatch_7e585fff-d179-44be-aeb0-4f4b6d05e901.pak			
576	Jerinski's Alt Hairs - Hobgoblin patch	jerinski	jerinski_alt-hairs_hob-patch_b69be1e4-e1b8-4863-9f72-df467b74c4b1.pak			
577	Jerinski's Alt Hairs - Firbolg patch	jerinski	jerinski_alt-hairs_firbolg-patch_a243a929-5cf5-410a-b2a7-12f9b611150a.pak			
578	Hobgoblin Beard Pack Mod Compatibility	Bububull, patched by Babbo	Hobgoblin_Bubu_MoreBeards_dd06f6f2-a8a0-4f20-9390-b67a77ce1c6b.pak			
579	Hobgoblin Dreads 1 Mod Compatibility	Bububull, patched by Babbo	Hobgoblin_Bubu_Dreads1_8b62762c-9b94-45e8-a97f-70763f217fb9.pak			
580	Hobgoblin Dreads Mod Compatibility	Bububull, patched by Babbo	Hobgoblin_Bubu_Dreads2_845cf815-cb12-4338-967d-f345f45085c4.pak			
581	Hobgoblin Emerald BBD Hair Pack Mod Compatibility	EmeraldTechnopath, patched by Babbo	Hobgoblin_Emerald_BBD_1369bcef-88e8-4f2d-abca-dcb8773b7d88.pak			
582	Hobgoblin Emerald Braids and Dreads Hair Pack Mod Compatibility	EmeraldTechnopath, patched by Babbo	Hobgoblin_Emerald_BraidDreads_c4606500-fd5a-4c10-9d70-11068da024f6.pak			
583	Hobgoblin Emerald HP1 Pack Mod Compatibility	EmeraldTechnopath, patched by Babbo	Hobgoblin_Emerald_HP1_2a32c3c3-530d-4d3a-9514-3a95cf53bc92.pak			
584	Hobgoblin Hairstyles of Faerun Mod Compatibility	Aloija, patched by Babbo	Hobgoblin_Aloija_HOF_41784380-702c-456e-b9b3-dfb1e47597e9.pak			
585	Hobgoblin Kylin Hair Edit Mod Compatibility	Kylin, patched by Babbo	Hobgoblin_Kylin_HairEdit_a0457fdb-00cb-4f5e-8cf5-17dc6f878067.pak			
586	Hobgoblin Tasha Hair Cauldron 2 Mod Compatibility	Tashaweeds, patched by Babbo	Hobgoblin_Tasha_Cauldron2_6d32af49-77a4-4c14-8250-dd47782e17fc.pak			
587	Hobgoblin Tepkunset HC Mod Compatibility	Tepkunset, patched by Babbo	Hobgoblin_Tepkunset_HC_d32dd722-5743-4676-9dff-eaa1bbe5c65f.pak			
588	Baldurian Beauty - WotD Patch	Sithembile	BaldurianBeauty_WotD_Patch_ceae24ef-671b-4f2e-9ce6-5389d1d9d758.pak			
589	Faces of Faerûn: Whispers of the Divine: Aasimar Patch	Aloija, patched by Trips	Aloija_New_Heads_Patch_Aasimar_17d81438-2f39-4a76-a705-63f6d91c6ef1.pak			
590	Patches for CC Races lsx	Padme4000	P4_Hair_Makeup_WorkTogether_b2c7c572-faaa-43ae-8609-29d16fd83bb0.pak			
591	FoZ Patches_For_CC_Races_lsx	Padme4000	FoZ Patches_For_CC_Races_lsx_52aa8beb-9ab0-4e0c-a75a-14387720d1a2.pak			
592	Homebrew Spells Compatibility AIO	xarara	HomebrewAIO_71c4a919-f376-452a-b0d7-b7be7811d2e4.pak			
593	Metamagic Compatibility	xarara	MMSE_d8664fe8-870d-4e6d-84a0-20d1aa1a3374.pak			
594	---------------------------|        Compatibility Patches        |---------------------------	Echelon  Raizan	Plus Separators - Compatibility Patches_2b91a1a6-9c4e-46f7-878a-8b56c164b22d.pak	Category, Plus, Separator		
595	Compatibility Framework AIO Subclass Patch	xarara	CFAIO_4460103a-2281-4579-bb9b-2f95a32b69d3.pak			
596	AV Item Shipment Framework	Aetherpoint, Volitio	AVItemShipmentFramework_e6333436-9cf0-4464-aaf2-39246292575e.pak		VolitionCabinet	
597	RacialASI	Fenrules	RacialASI_1ebf4a1c-01d4-41ed-8aa1-5b3975c6d019.pak		Volition Cabinet, Mod Configuration Menu, Kender's Labs Core Libs	
598	CompatibilityFramework	BG3 Community	SubclassCompatibilityFramework_67fbbd53-7c7d-4cfa-9409-6d737b4d92a9.pak	Template		
599	Fallen_CC_Cleaner	FallenStar	Fallen_CC_Cleaner_04d305aa-5be7-4604-821d-d632bae2fdf3.pak			
Override	BCPP_16x9_6chars5x6inventory	Caites	BCPP_16x9_6chars5x6inventory_f3aa4ed3-4814-41f2-b2c5-9457eb72bff3.pak			
Override	BetterCombatLog2	Caites	BetterCombatLog2_8d5e08fa-f599-4811-86db-dd4e7586d53f.pak			
Override	BetterContainers6x7	Caites	BetterContainers6x7_1c671c38-7446-4425-b411-21ab69579016.pak			
Override	BetterContextMenu	Caites	BetterContextMenu_ecf79cc7-5d1a-4699-a8a8-e49d5cc4ad5e.pak			
Override	BetterCursorTextPanel	Caites	BetterCursorTextPanel_5fed4ffe-6e91-4f6f-905c-9cdf971f9cec.pak			
Override	BetterHotBar2	Caites	BetterHotBar2_ffb70adb-4502-4e7b-82e5-4fd441b1473e.pak			
Override	BetterInventoryUI_Default_IUI	Caites	BetterInventoryUI_Default_IUI_3b48947b-024f-4990-8705-aaf8a4cd230f.pak			
Override	BetterLoadingScreens16x9Fullscreen	Caites	BetterLoadingScreens16x9Fullscreen_d2c4f90a-9e47-4643-a14c-a7e5a2084a6a.pak			
Override	BetterTargetInfo	Caites	BetterTargetInfo_0de6485d-4130-4ad1-aecc-261aa8ef885f.pak			
Override	BetterTooltips	Caites	BetterTooltips_03566e4a-e118-44ae-95ee-db14e3000755.pak			
Override	BetterVariousWidgetsAIO	Caites	BetterVariousWidgetsAIO_3a07c631-7584-44a3-be6b-65017ce5a07c.pak			
Override	CPCCE	Caites	CPCCE_034b2e89-ae3a-4e78-95a7-96bfa4889b75.pak			
Override	DynamicSidebar169Pads_10chars	Caites	DynamicSidebar169Pads_10chars_82d1b5b7-5542-4a54-a397-302d98c7df53.pak			
Override	Humanoid Tag Scratch Fix	labotor	HumanoidTagFix_fc2895e0-1b92-4d18-a5b6-2206ab41fce4.pak			
Override	ImprovedUI	AlanaSP,ShinyHobo,Djmr,Zee	ImprovedUI_00000000-0000-0000-0000-ImprovedUI12.pak			
Override	ImprovedUI Assets		Game_C:\Users\thrax\AppData\Local\Larian Studios\Baldur's Gate 3\Mods\ImprovedUI Assets.pak			
Override	ModFixer		Gustav_C:\Users\thrax\AppData\Local\Larian Studios\Baldur's Gate 3\Mods\ModFixer.pak			
Override	NoPressAnyKeyMenu	Caites	NoPressAnyKeyMenu_5c8badce-e6a2-48f4-ac9c-55ba2c33a7bc.pak			
Override	Patches_for_VFX_Heads	Padme4000	Patches_for_VFX_Heads_91bb3015-e00e-4263-b88d-a2e54b0f8424.pak			
Override	SlightlyBetterSplitItem	Caites	SlightlyBetterSplitItem_e95d8740-9ce6-42d2-af85-aaa701031480.pak			
Override	SlightlyBetterTopbar169	Caites	SlightlyBetterTopbar169_4a07d7c3-7fe4-43c6-8936-b01dad9fcc81.pak			
Override	Trips_Shaders	Trips	Trips_Shader_166bdea1-ec32-4cdb-bd75-98affd58dd92.pak			